3000 5
0.003674984381316  0.000000447515486  1.000000000000000  0.000000000000000  0.000000000000000
0.003674984381316  0.000000447515486  0.000000000000000  1.000000000000000  0.000000000000000
0.003674984381316  0.000000447515486  0.000000000000000  0.000000000000000  1.000000000000000
0.004300357098858  0.000000447611548  1.000000000000000  0.000000000000000  0.000000000000000
0.004300357098858  0.000000447611548  0.000000000000000  1.000000000000000  0.000000000000000
0.004300357098858  0.000000447611548  0.000000000000000  0.000000000000000  1.000000000000000
0.004925729816399  0.000000447693624  1.000000000000000  0.000000000000000  0.000000000000000
0.004925729816399  0.000000447693624  0.000000000000000  1.000000000000000  0.000000000000000
0.004925729816399  0.000000447693624  0.000000000000000  0.000000000000000  1.000000000000000
0.005551102533940  0.000000447770009  1.000000000000000  0.000000000000000  0.000000000000000
0.005551102533940  0.000000447770009  0.000000000000000  1.000000000000000  0.000000000000000
0.005551102533940  0.000000447770009  0.000000000000000  0.000000000000000  1.000000000000000
0.006176475251482  0.000000447845124  1.000000000000000  0.000000000000000  0.000000000000000
0.006176475251482  0.000000447845124  0.000000000000000  1.000000000000000  0.000000000000000
0.006176475251482  0.000000447845124  0.000000000000000  0.000000000000000  1.000000000000000
0.006801847969023  0.000000447921500  1.000000000000000  0.000000000000000  0.000000000000000
0.006801847969023  0.000000447921500  0.000000000000000  1.000000000000000  0.000000000000000
0.006801847969023  0.000000447921500  0.000000000000000  0.000000000000000  1.000000000000000
0.007427220686564  0.000000448000666  1.000000000000000  0.000000000000000  0.000000000000000
0.007427220686564  0.000000448000666  0.000000000000000  1.000000000000000  0.000000000000000
0.007427220686564  0.000000448000666  0.000000000000000  0.000000000000000  1.000000000000000
0.008052593404106  0.000000448083593  1.000000000000000  0.000000000000000  0.000000000000000
0.008052593404106  0.000000448083593  0.000000000000000  1.000000000000000  0.000000000000000
0.008052593404106  0.000000448083593  0.000000000000000  0.000000000000000  1.000000000000000
0.008677966121647  0.000000448170921  1.000000000000000  0.000000000000000  0.000000000000000
0.008677966121647  0.000000448170921  0.000000000000000  1.000000000000000  0.000000000000000
0.008677966121647  0.000000448170921  0.000000000000000  0.000000000000000  1.000000000000000
0.009303338839188  0.000000448263086  1.000000000000000  0.000000000000000  0.000000000000000
0.009303338839188  0.000000448263086  0.000000000000000  1.000000000000000  0.000000000000000
0.009303338839188  0.000000448263086  0.000000000000000  0.000000000000000  1.000000000000000
0.009928711556730  0.000000448360396  1.000000000000000  0.000000000000000  0.000000000000000
0.009928711556730  0.000000448360396  0.000000000000000  1.000000000000000  0.000000000000000
0.009928711556730  0.000000448360396  0.000000000000000  0.000000000000000  1.000000000000000
0.010554084274271  0.000000448463073  1.000000000000000  0.000000000000000  0.000000000000000
0.010554084274271  0.000000448463073  0.000000000000000  1.000000000000000  0.000000000000000
0.010554084274271  0.000000448463073  0.000000000000000  0.000000000000000  1.000000000000000
0.011179456991812  0.000000448571281  1.000000000000000  0.000000000000000  0.000000000000000
0.011179456991812  0.000000448571281  0.000000000000000  1.000000000000000  0.000000000000000
0.011179456991812  0.000000448571281  0.000000000000000  0.000000000000000  1.000000000000000
0.011804829709354  0.000000448685146  1.000000000000000  0.000000000000000  0.000000000000000
0.011804829709354  0.000000448685146  0.000000000000000  1.000000000000000  0.000000000000000
0.011804829709354  0.000000448685146  0.000000000000000  0.000000000000000  1.000000000000000
0.012430202426895  0.000000448804764  1.000000000000000  0.000000000000000  0.000000000000000
0.012430202426895  0.000000448804764  0.000000000000000  1.000000000000000  0.000000000000000
0.012430202426895  0.000000448804764  0.000000000000000  0.000000000000000  1.000000000000000
0.013055575144436  0.000000448930211  1.000000000000000  0.000000000000000  0.000000000000000
0.013055575144436  0.000000448930211  0.000000000000000  1.000000000000000  0.000000000000000
0.013055575144436  0.000000448930211  0.000000000000000  0.000000000000000  1.000000000000000
0.013680947861978  0.000000449061551  1.000000000000000  0.000000000000000  0.000000000000000
0.013680947861978  0.000000449061551  0.000000000000000  1.000000000000000  0.000000000000000
0.013680947861978  0.000000449061551  0.000000000000000  0.000000000000000  1.000000000000000
0.014306320579519  0.000000449198833  1.000000000000000  0.000000000000000  0.000000000000000
0.014306320579519  0.000000449198833  0.000000000000000  1.000000000000000  0.000000000000000
0.014306320579519  0.000000449198833  0.000000000000000  0.000000000000000  1.000000000000000
0.014931693297060  0.000000449342103  1.000000000000000  0.000000000000000  0.000000000000000
0.014931693297060  0.000000449342103  0.000000000000000  1.000000000000000  0.000000000000000
0.014931693297060  0.000000449342103  0.000000000000000  0.000000000000000  1.000000000000000
0.015557066014602  0.000000449491396  1.000000000000000  0.000000000000000  0.000000000000000
0.015557066014602  0.000000449491396  0.000000000000000  1.000000000000000  0.000000000000000
0.015557066014602  0.000000449491396  0.000000000000000  0.000000000000000  1.000000000000000
0.016182438732143  0.000000449646747  1.000000000000000  0.000000000000000  0.000000000000000
0.016182438732143  0.000000449646747  0.000000000000000  1.000000000000000  0.000000000000000
0.016182438732143  0.000000449646747  0.000000000000000  0.000000000000000  1.000000000000000
0.016807811449684  0.000000449808184  1.000000000000000  0.000000000000000  0.000000000000000
0.016807811449684  0.000000449808184  0.000000000000000  1.000000000000000  0.000000000000000
0.016807811449684  0.000000449808184  0.000000000000000  0.000000000000000  1.000000000000000
0.017433184167226  0.000000449975734  1.000000000000000  0.000000000000000  0.000000000000000
0.017433184167226  0.000000449975734  0.000000000000000  1.000000000000000  0.000000000000000
0.017433184167226  0.000000449975734  0.000000000000000  0.000000000000000  1.000000000000000
0.018058556884767  0.000000450149423  1.000000000000000  0.000000000000000  0.000000000000000
0.018058556884767  0.000000450149423  0.000000000000000  1.000000000000000  0.000000000000000
0.018058556884767  0.000000450149423  0.000000000000000  0.000000000000000  1.000000000000000
0.018683929602308  0.000000450329273  1.000000000000000  0.000000000000000  0.000000000000000
0.018683929602308  0.000000450329273  0.000000000000000  1.000000000000000  0.000000000000000
0.018683929602308  0.000000450329273  0.000000000000000  0.000000000000000  1.000000000000000
0.019309302319850  0.000000450515307  1.000000000000000  0.000000000000000  0.000000000000000
0.019309302319850  0.000000450515307  0.000000000000000  1.000000000000000  0.000000000000000
0.019309302319850  0.000000450515307  0.000000000000000  0.000000000000000  1.000000000000000
0.019934675037391  0.000000450707546  1.000000000000000  0.000000000000000  0.000000000000000
0.019934675037391  0.000000450707546  0.000000000000000  1.000000000000000  0.000000000000000
0.019934675037391  0.000000450707546  0.000000000000000  0.000000000000000  1.000000000000000
0.020560047754932  0.000000450906011  1.000000000000000  0.000000000000000  0.000000000000000
0.020560047754932  0.000000450906011  0.000000000000000  1.000000000000000  0.000000000000000
0.020560047754932  0.000000450906011  0.000000000000000  0.000000000000000  1.000000000000000
0.021185420472474  0.000000451110723  1.000000000000000  0.000000000000000  0.000000000000000
0.021185420472474  0.000000451110723  0.000000000000000  1.000000000000000  0.000000000000000
0.021185420472474  0.000000451110723  0.000000000000000  0.000000000000000  1.000000000000000
0.021810793190015  0.000000451321702  1.000000000000000  0.000000000000000  0.000000000000000
0.021810793190015  0.000000451321702  0.000000000000000  1.000000000000000  0.000000000000000
0.021810793190015  0.000000451321702  0.000000000000000  0.000000000000000  1.000000000000000
0.022436165907556  0.000000451538968  1.000000000000000  0.000000000000000  0.000000000000000
0.022436165907556  0.000000451538968  0.000000000000000  1.000000000000000  0.000000000000000
0.022436165907556  0.000000451538968  0.000000000000000  0.000000000000000  1.000000000000000
0.023061538625097  0.000000451762542  1.000000000000000  0.000000000000000  0.000000000000000
0.023061538625097  0.000000451762542  0.000000000000000  1.000000000000000  0.000000000000000
0.023061538625097  0.000000451762542  0.000000000000000  0.000000000000000  1.000000000000000
0.023686911342639  0.000000451992443  1.000000000000000  0.000000000000000  0.000000000000000
0.023686911342639  0.000000451992443  0.000000000000000  1.000000000000000  0.000000000000000
0.023686911342639  0.000000451992443  0.000000000000000  0.000000000000000  1.000000000000000
0.024312284060180  0.000000452228691  1.000000000000000  0.000000000000000  0.000000000000000
0.024312284060180  0.000000452228691  0.000000000000000  1.000000000000000  0.000000000000000
0.024312284060180  0.000000452228691  0.000000000000000  0.000000000000000  1.000000000000000
0.024937656777721  0.000000452471308  1.000000000000000  0.000000000000000  0.000000000000000
0.024937656777721  0.000000452471308  0.000000000000000  1.000000000000000  0.000000000000000
0.024937656777721  0.000000452471308  0.000000000000000  0.000000000000000  1.000000000000000
0.025563029495263  0.000000452720315  1.000000000000000  0.000000000000000  0.000000000000000
0.025563029495263  0.000000452720315  0.000000000000000  1.000000000000000  0.000000000000000
0.025563029495263  0.000000452720315  0.000000000000000  0.000000000000000  1.000000000000000
0.026188402212804  0.000000452975732  1.000000000000000  0.000000000000000  0.000000000000000
0.026188402212804  0.000000452975732  0.000000000000000  1.000000000000000  0.000000000000000
0.026188402212804  0.000000452975732  0.000000000000000  0.000000000000000  1.000000000000000
0.026813774930345  0.000000453237580  1.000000000000000  0.000000000000000  0.000000000000000
0.026813774930345  0.000000453237580  0.000000000000000  1.000000000000000  0.000000000000000
0.026813774930345  0.000000453237580  0.000000000000000  0.000000000000000  1.000000000000000
0.027439147647887  0.000000453505883  1.000000000000000  0.000000000000000  0.000000000000000
0.027439147647887  0.000000453505883  0.000000000000000  1.000000000000000  0.000000000000000
0.027439147647887  0.000000453505883  0.000000000000000  0.000000000000000  1.000000000000000
0.028064520365428  0.000000453780661  1.000000000000000  0.000000000000000  0.000000000000000
0.028064520365428  0.000000453780661  0.000000000000000  1.000000000000000  0.000000000000000
0.028064520365428  0.000000453780661  0.000000000000000  0.000000000000000  1.000000000000000
0.028689893082969  0.000000454061938  1.000000000000000  0.000000000000000  0.000000000000000
0.028689893082969  0.000000454061938  0.000000000000000  1.000000000000000  0.000000000000000
0.028689893082969  0.000000454061938  0.000000000000000  0.000000000000000  1.000000000000000
0.029315265800511  0.000000454349737  1.000000000000000  0.000000000000000  0.000000000000000
0.029315265800511  0.000000454349737  0.000000000000000  1.000000000000000  0.000000000000000
0.029315265800511  0.000000454349737  0.000000000000000  0.000000000000000  1.000000000000000
0.029940638518052  0.000000454644081  1.000000000000000  0.000000000000000  0.000000000000000
0.029940638518052  0.000000454644081  0.000000000000000  1.000000000000000  0.000000000000000
0.029940638518052  0.000000454644081  0.000000000000000  0.000000000000000  1.000000000000000
0.030566011235593  0.000000454944994  1.000000000000000  0.000000000000000  0.000000000000000
0.030566011235593  0.000000454944994  0.000000000000000  1.000000000000000  0.000000000000000
0.030566011235593  0.000000454944994  0.000000000000000  0.000000000000000  1.000000000000000
0.031191383953135  0.000000455252501  1.000000000000000  0.000000000000000  0.000000000000000
0.031191383953135  0.000000455252501  0.000000000000000  1.000000000000000  0.000000000000000
0.031191383953135  0.000000455252501  0.000000000000000  0.000000000000000  1.000000000000000
0.031816756670676  0.000000455566627  1.000000000000000  0.000000000000000  0.000000000000000
0.031816756670676  0.000000455566627  0.000000000000000  1.000000000000000  0.000000000000000
0.031816756670676  0.000000455566627  0.000000000000000  0.000000000000000  1.000000000000000
0.032442129388217  0.000000455887397  1.000000000000000  0.000000000000000  0.000000000000000
0.032442129388217  0.000000455887397  0.000000000000000  1.000000000000000  0.000000000000000
0.032442129388217  0.000000455887397  0.000000000000000  0.000000000000000  1.000000000000000
0.033067502105759  0.000000456214837  1.000000000000000  0.000000000000000  0.000000000000000
0.033067502105759  0.000000456214837  0.000000000000000  1.000000000000000  0.000000000000000
0.033067502105759  0.000000456214837  0.000000000000000  0.000000000000000  1.000000000000000
0.033692874823300  0.000000456548974  1.000000000000000  0.000000000000000  0.000000000000000
0.033692874823300  0.000000456548974  0.000000000000000  1.000000000000000  0.000000000000000
0.033692874823300  0.000000456548974  0.000000000000000  0.000000000000000  1.000000000000000
0.034318247540841  0.000000456889834  1.000000000000000  0.000000000000000  0.000000000000000
0.034318247540841  0.000000456889834  0.000000000000000  1.000000000000000  0.000000000000000
0.034318247540841  0.000000456889834  0.000000000000000  0.000000000000000  1.000000000000000
0.034943620258383  0.000000457237446  1.000000000000000  0.000000000000000  0.000000000000000
0.034943620258383  0.000000457237446  0.000000000000000  1.000000000000000  0.000000000000000
0.034943620258383  0.000000457237446  0.000000000000000  0.000000000000000  1.000000000000000
0.035568992975924  0.000000457591838  1.000000000000000  0.000000000000000  0.000000000000000
0.035568992975924  0.000000457591838  0.000000000000000  1.000000000000000  0.000000000000000
0.035568992975924  0.000000457591838  0.000000000000000  0.000000000000000  1.000000000000000
0.036194365693465  0.000000457953038  1.000000000000000  0.000000000000000  0.000000000000000
0.036194365693465  0.000000457953038  0.000000000000000  1.000000000000000  0.000000000000000
0.036194365693465  0.000000457953038  0.000000000000000  0.000000000000000  1.000000000000000
0.036819738411007  0.000000458321076  1.000000000000000  0.000000000000000  0.000000000000000
0.036819738411007  0.000000458321076  0.000000000000000  1.000000000000000  0.000000000000000
0.036819738411007  0.000000458321076  0.000000000000000  0.000000000000000  1.000000000000000
0.037445111128548  0.000000458695982  1.000000000000000  0.000000000000000  0.000000000000000
0.037445111128548  0.000000458695982  0.000000000000000  1.000000000000000  0.000000000000000
0.037445111128548  0.000000458695982  0.000000000000000  0.000000000000000  1.000000000000000
0.038070483846089  0.000000459077787  1.000000000000000  0.000000000000000  0.000000000000000
0.038070483846089  0.000000459077787  0.000000000000000  1.000000000000000  0.000000000000000
0.038070483846089  0.000000459077787  0.000000000000000  0.000000000000000  1.000000000000000
0.038695856563631  0.000000459466521  1.000000000000000  0.000000000000000  0.000000000000000
0.038695856563631  0.000000459466521  0.000000000000000  1.000000000000000  0.000000000000000
0.038695856563631  0.000000459466521  0.000000000000000  0.000000000000000  1.000000000000000
0.039321229281172  0.000000459862216  1.000000000000000  0.000000000000000  0.000000000000000
0.039321229281172  0.000000459862216  0.000000000000000  1.000000000000000  0.000000000000000
0.039321229281172  0.000000459862216  0.000000000000000  0.000000000000000  1.000000000000000
0.039946601998713  0.000000460264905  1.000000000000000  0.000000000000000  0.000000000000000
0.039946601998713  0.000000460264905  0.000000000000000  1.000000000000000  0.000000000000000
0.039946601998713  0.000000460264905  0.000000000000000  0.000000000000000  1.000000000000000
0.040571974716255  0.000000460674621  1.000000000000000  0.000000000000000  0.000000000000000
0.040571974716255  0.000000460674621  0.000000000000000  1.000000000000000  0.000000000000000
0.040571974716255  0.000000460674621  0.000000000000000  0.000000000000000  1.000000000000000
0.041197347433796  0.000000461091397  1.000000000000000  0.000000000000000  0.000000000000000
0.041197347433796  0.000000461091397  0.000000000000000  1.000000000000000  0.000000000000000
0.041197347433796  0.000000461091397  0.000000000000000  0.000000000000000  1.000000000000000
0.041822720151337  0.000000461515268  1.000000000000000  0.000000000000000  0.000000000000000
0.041822720151337  0.000000461515268  0.000000000000000  1.000000000000000  0.000000000000000
0.041822720151337  0.000000461515268  0.000000000000000  0.000000000000000  1.000000000000000
0.042448092868879  0.000000461946269  1.000000000000000  0.000000000000000  0.000000000000000
0.042448092868879  0.000000461946269  0.000000000000000  1.000000000000000  0.000000000000000
0.042448092868879  0.000000461946269  0.000000000000000  0.000000000000000  1.000000000000000
0.043073465586420  0.000000462384435  1.000000000000000  0.000000000000000  0.000000000000000
0.043073465586420  0.000000462384435  0.000000000000000  1.000000000000000  0.000000000000000
0.043073465586420  0.000000462384435  0.000000000000000  0.000000000000000  1.000000000000000
0.043698838303961  0.000000462829803  1.000000000000000  0.000000000000000  0.000000000000000
0.043698838303961  0.000000462829803  0.000000000000000  1.000000000000000  0.000000000000000
0.043698838303961  0.000000462829803  0.000000000000000  0.000000000000000  1.000000000000000
0.044324211021503  0.000000463282409  1.000000000000000  0.000000000000000  0.000000000000000
0.044324211021503  0.000000463282409  0.000000000000000  1.000000000000000  0.000000000000000
0.044324211021503  0.000000463282409  0.000000000000000  0.000000000000000  1.000000000000000
0.044949583739044  0.000000463742292  1.000000000000000  0.000000000000000  0.000000000000000
0.044949583739044  0.000000463742292  0.000000000000000  1.000000000000000  0.000000000000000
0.044949583739044  0.000000463742292  0.000000000000000  0.000000000000000  1.000000000000000
0.045574956456585  0.000000464209490  1.000000000000000  0.000000000000000  0.000000000000000
0.045574956456585  0.000000464209490  0.000000000000000  1.000000000000000  0.000000000000000
0.045574956456585  0.000000464209490  0.000000000000000  0.000000000000000  1.000000000000000
0.046200329174127  0.000000464684042  1.000000000000000  0.000000000000000  0.000000000000000
0.046200329174127  0.000000464684042  0.000000000000000  1.000000000000000  0.000000000000000
0.046200329174127  0.000000464684042  0.000000000000000  0.000000000000000  1.000000000000000
0.046825701891668  0.000000465165988  1.000000000000000  0.000000000000000  0.000000000000000
0.046825701891668  0.000000465165988  0.000000000000000  1.000000000000000  0.000000000000000
0.046825701891668  0.000000465165988  0.000000000000000  0.000000000000000  1.000000000000000
0.047451074609209  0.000000465655368  1.000000000000000  0.000000000000000  0.000000000000000
0.047451074609209  0.000000465655368  0.000000000000000  1.000000000000000  0.000000000000000
0.047451074609209  0.000000465655368  0.000000000000000  0.000000000000000  1.000000000000000
0.048076447326751  0.000000466152224  1.000000000000000  0.000000000000000  0.000000000000000
0.048076447326751  0.000000466152224  0.000000000000000  1.000000000000000  0.000000000000000
0.048076447326751  0.000000466152224  0.000000000000000  0.000000000000000  1.000000000000000
0.048701820044292  0.000000466656597  1.000000000000000  0.000000000000000  0.000000000000000
0.048701820044292  0.000000466656597  0.000000000000000  1.000000000000000  0.000000000000000
0.048701820044292  0.000000466656597  0.000000000000000  0.000000000000000  1.000000000000000
0.049327192761833  0.000000467168531  1.000000000000000  0.000000000000000  0.000000000000000
0.049327192761833  0.000000467168531  0.000000000000000  1.000000000000000  0.000000000000000
0.049327192761833  0.000000467168531  0.000000000000000  0.000000000000000  1.000000000000000
0.049952565479374  0.000000467688069  1.000000000000000  0.000000000000000  0.000000000000000
0.049952565479374  0.000000467688069  0.000000000000000  1.000000000000000  0.000000000000000
0.049952565479374  0.000000467688069  0.000000000000000  0.000000000000000  1.000000000000000
0.050577938196916  0.000000468215255  1.000000000000000  0.000000000000000  0.000000000000000
0.050577938196916  0.000000468215255  0.000000000000000  1.000000000000000  0.000000000000000
0.050577938196916  0.000000468215255  0.000000000000000  0.000000000000000  1.000000000000000
0.051203310914457  0.000000468750134  1.000000000000000  0.000000000000000  0.000000000000000
0.051203310914457  0.000000468750134  0.000000000000000  1.000000000000000  0.000000000000000
0.051203310914457  0.000000468750134  0.000000000000000  0.000000000000000  1.000000000000000
0.051828683631998  0.000000469292753  1.000000000000000  0.000000000000000  0.000000000000000
0.051828683631998  0.000000469292753  0.000000000000000  1.000000000000000  0.000000000000000
0.051828683631998  0.000000469292753  0.000000000000000  0.000000000000000  1.000000000000000
0.052454056349540  0.000000469843158  1.000000000000000  0.000000000000000  0.000000000000000
0.052454056349540  0.000000469843158  0.000000000000000  1.000000000000000  0.000000000000000
0.052454056349540  0.000000469843158  0.000000000000000  0.000000000000000  1.000000000000000
0.053079429067081  0.000000470401396  1.000000000000000  0.000000000000000  0.000000000000000
0.053079429067081  0.000000470401396  0.000000000000000  1.000000000000000  0.000000000000000
0.053079429067081  0.000000470401396  0.000000000000000  0.000000000000000  1.000000000000000
0.053704801784622  0.000000470967517  1.000000000000000  0.000000000000000  0.000000000000000
0.053704801784622  0.000000470967517  0.000000000000000  1.000000000000000  0.000000000000000
0.053704801784622  0.000000470967517  0.000000000000000  0.000000000000000  1.000000000000000
0.054330174502164  0.000000471541568  1.000000000000000  0.000000000000000  0.000000000000000
0.054330174502164  0.000000471541568  0.000000000000000  1.000000000000000  0.000000000000000
0.054330174502164  0.000000471541568  0.000000000000000  0.000000000000000  1.000000000000000
0.054955547219705  0.000000472123601  1.000000000000000  0.000000000000000  0.000000000000000
0.054955547219705  0.000000472123601  0.000000000000000  1.000000000000000  0.000000000000000
0.054955547219705  0.000000472123601  0.000000000000000  0.000000000000000  1.000000000000000
0.055580919937246  0.000000472713665  1.000000000000000  0.000000000000000  0.000000000000000
0.055580919937246  0.000000472713665  0.000000000000000  1.000000000000000  0.000000000000000
0.055580919937246  0.000000472713665  0.000000000000000  0.000000000000000  1.000000000000000
0.056206292654788  0.000000473311814  1.000000000000000  0.000000000000000  0.000000000000000
0.056206292654788  0.000000473311814  0.000000000000000  1.000000000000000  0.000000000000000
0.056206292654788  0.000000473311814  0.000000000000000  0.000000000000000  1.000000000000000
0.056831665372329  0.000000473918099  1.000000000000000  0.000000000000000  0.000000000000000
0.056831665372329  0.000000473918099  0.000000000000000  1.000000000000000  0.000000000000000
0.056831665372329  0.000000473918099  0.000000000000000  0.000000000000000  1.000000000000000
0.057457038089870  0.000000474532574  1.000000000000000  0.000000000000000  0.000000000000000
0.057457038089870  0.000000474532574  0.000000000000000  1.000000000000000  0.000000000000000
0.057457038089870  0.000000474532574  0.000000000000000  0.000000000000000  1.000000000000000
0.058082410807412  0.000000475155293  1.000000000000000  0.000000000000000  0.000000000000000
0.058082410807412  0.000000475155293  0.000000000000000  1.000000000000000  0.000000000000000
0.058082410807412  0.000000475155293  0.000000000000000  0.000000000000000  1.000000000000000
0.058707783524953  0.000000475786313  1.000000000000000  0.000000000000000  0.000000000000000
0.058707783524953  0.000000475786313  0.000000000000000  1.000000000000000  0.000000000000000
0.058707783524953  0.000000475786313  0.000000000000000  0.000000000000000  1.000000000000000
0.059333156242494  0.000000476425688  1.000000000000000  0.000000000000000  0.000000000000000
0.059333156242494  0.000000476425688  0.000000000000000  1.000000000000000  0.000000000000000
0.059333156242494  0.000000476425688  0.000000000000000  0.000000000000000  1.000000000000000
0.059958528960036  0.000000477073477  1.000000000000000  0.000000000000000  0.000000000000000
0.059958528960036  0.000000477073477  0.000000000000000  1.000000000000000  0.000000000000000
0.059958528960036  0.000000477073477  0.000000000000000  0.000000000000000  1.000000000000000
0.060583901677577  0.000000477729738  1.000000000000000  0.000000000000000  0.000000000000000
0.060583901677577  0.000000477729738  0.000000000000000  1.000000000000000  0.000000000000000
0.060583901677577  0.000000477729738  0.000000000000000  0.000000000000000  1.000000000000000
0.061209274395118  0.000000478394530  1.000000000000000  0.000000000000000  0.000000000000000
0.061209274395118  0.000000478394530  0.000000000000000  1.000000000000000  0.000000000000000
0.061209274395118  0.000000478394530  0.000000000000000  0.000000000000000  1.000000000000000
0.061834647112660  0.000000479067913  1.000000000000000  0.000000000000000  0.000000000000000
0.061834647112660  0.000000479067913  0.000000000000000  1.000000000000000  0.000000000000000
0.061834647112660  0.000000479067913  0.000000000000000  0.000000000000000  1.000000000000000
0.062460019830201  0.000000479749948  1.000000000000000  0.000000000000000  0.000000000000000
0.062460019830201  0.000000479749948  0.000000000000000  1.000000000000000  0.000000000000000
0.062460019830201  0.000000479749948  0.000000000000000  0.000000000000000  1.000000000000000
0.063085392547742  0.000000480440698  1.000000000000000  0.000000000000000  0.000000000000000
0.063085392547742  0.000000480440698  0.000000000000000  1.000000000000000  0.000000000000000
0.063085392547742  0.000000480440698  0.000000000000000  0.000000000000000  1.000000000000000
0.063710765265284  0.000000481140225  1.000000000000000  0.000000000000000  0.000000000000000
0.063710765265284  0.000000481140225  0.000000000000000  1.000000000000000  0.000000000000000
0.063710765265284  0.000000481140225  0.000000000000000  0.000000000000000  1.000000000000000
0.064336137982825  0.000000481848595  1.000000000000000  0.000000000000000  0.000000000000000
0.064336137982825  0.000000481848595  0.000000000000000  1.000000000000000  0.000000000000000
0.064336137982825  0.000000481848595  0.000000000000000  0.000000000000000  1.000000000000000
0.064961510700366  0.000000482565872  1.000000000000000  0.000000000000000  0.000000000000000
0.064961510700366  0.000000482565872  0.000000000000000  1.000000000000000  0.000000000000000
0.064961510700366  0.000000482565872  0.000000000000000  0.000000000000000  1.000000000000000
0.065586883417908  0.000000483292124  1.000000000000000  0.000000000000000  0.000000000000000
0.065586883417908  0.000000483292124  0.000000000000000  1.000000000000000  0.000000000000000
0.065586883417908  0.000000483292124  0.000000000000000  0.000000000000000  1.000000000000000
0.066212256135449  0.000000484027416  1.000000000000000  0.000000000000000  0.000000000000000
0.066212256135449  0.000000484027416  0.000000000000000  1.000000000000000  0.000000000000000
0.066212256135449  0.000000484027416  0.000000000000000  0.000000000000000  1.000000000000000
0.066837628852990  0.000000484771820  1.000000000000000  0.000000000000000  0.000000000000000
0.066837628852990  0.000000484771820  0.000000000000000  1.000000000000000  0.000000000000000
0.066837628852990  0.000000484771820  0.000000000000000  0.000000000000000  1.000000000000000
0.067463001570532  0.000000485525403  1.000000000000000  0.000000000000000  0.000000000000000
0.067463001570532  0.000000485525403  0.000000000000000  1.000000000000000  0.000000000000000
0.067463001570532  0.000000485525403  0.000000000000000  0.000000000000000  1.000000000000000
0.068088374288073  0.000000486288237  1.000000000000000  0.000000000000000  0.000000000000000
0.068088374288073  0.000000486288237  0.000000000000000  1.000000000000000  0.000000000000000
0.068088374288073  0.000000486288237  0.000000000000000  0.000000000000000  1.000000000000000
0.068713747005614  0.000000487060394  1.000000000000000  0.000000000000000  0.000000000000000
0.068713747005614  0.000000487060394  0.000000000000000  1.000000000000000  0.000000000000000
0.068713747005614  0.000000487060394  0.000000000000000  0.000000000000000  1.000000000000000
0.069339119723156  0.000000487841948  1.000000000000000  0.000000000000000  0.000000000000000
0.069339119723156  0.000000487841948  0.000000000000000  1.000000000000000  0.000000000000000
0.069339119723156  0.000000487841948  0.000000000000000  0.000000000000000  1.000000000000000
0.069964492440697  0.000000488632973  1.000000000000000  0.000000000000000  0.000000000000000
0.069964492440697  0.000000488632973  0.000000000000000  1.000000000000000  0.000000000000000
0.069964492440697  0.000000488632973  0.000000000000000  0.000000000000000  1.000000000000000
0.070589865158238  0.000000489433544  1.000000000000000  0.000000000000000  0.000000000000000
0.070589865158238  0.000000489433544  0.000000000000000  1.000000000000000  0.000000000000000
0.070589865158238  0.000000489433544  0.000000000000000  0.000000000000000  1.000000000000000
0.071215237875780  0.000000490243739  1.000000000000000  0.000000000000000  0.000000000000000
0.071215237875780  0.000000490243739  0.000000000000000  1.000000000000000  0.000000000000000
0.071215237875780  0.000000490243739  0.000000000000000  0.000000000000000  1.000000000000000
0.071840610593321  0.000000491063637  1.000000000000000  0.000000000000000  0.000000000000000
0.071840610593321  0.000000491063637  0.000000000000000  1.000000000000000  0.000000000000000
0.071840610593321  0.000000491063637  0.000000000000000  0.000000000000000  1.000000000000000
0.072465983310862  0.000000491893315  1.000000000000000  0.000000000000000  0.000000000000000
0.072465983310862  0.000000491893315  0.000000000000000  1.000000000000000  0.000000000000000
0.072465983310862  0.000000491893315  0.000000000000000  0.000000000000000  1.000000000000000
0.073091356028404  0.000000492732857  1.000000000000000  0.000000000000000  0.000000000000000
0.073091356028404  0.000000492732857  0.000000000000000  1.000000000000000  0.000000000000000
0.073091356028404  0.000000492732857  0.000000000000000  0.000000000000000  1.000000000000000
0.073716728745945  0.000000493582342  1.000000000000000  0.000000000000000  0.000000000000000
0.073716728745945  0.000000493582342  0.000000000000000  1.000000000000000  0.000000000000000
0.073716728745945  0.000000493582342  0.000000000000000  0.000000000000000  1.000000000000000
0.074342101463486  0.000000494441856  1.000000000000000  0.000000000000000  0.000000000000000
0.074342101463486  0.000000494441856  0.000000000000000  1.000000000000000  0.000000000000000
0.074342101463486  0.000000494441856  0.000000000000000  0.000000000000000  1.000000000000000
0.074967474181028  0.000000495311483  1.000000000000000  0.000000000000000  0.000000000000000
0.074967474181028  0.000000495311483  0.000000000000000  1.000000000000000  0.000000000000000
0.074967474181028  0.000000495311483  0.000000000000000  0.000000000000000  1.000000000000000
0.075592846898569  0.000000496191310  1.000000000000000  0.000000000000000  0.000000000000000
0.075592846898569  0.000000496191310  0.000000000000000  1.000000000000000  0.000000000000000
0.075592846898569  0.000000496191310  0.000000000000000  0.000000000000000  1.000000000000000
0.076218219616110  0.000000497081423  1.000000000000000  0.000000000000000  0.000000000000000
0.076218219616110  0.000000497081423  0.000000000000000  1.000000000000000  0.000000000000000
0.076218219616110  0.000000497081423  0.000000000000000  0.000000000000000  1.000000000000000
0.076843592333652  0.000000497981913  1.000000000000000  0.000000000000000  0.000000000000000
0.076843592333652  0.000000497981913  0.000000000000000  1.000000000000000  0.000000000000000
0.076843592333652  0.000000497981913  0.000000000000000  0.000000000000000  1.000000000000000
0.077468965051193  0.000000498892869  1.000000000000000  0.000000000000000  0.000000000000000
0.077468965051193  0.000000498892869  0.000000000000000  1.000000000000000  0.000000000000000
0.077468965051193  0.000000498892869  0.000000000000000  0.000000000000000  1.000000000000000
0.078094337768734  0.000000499814385  1.000000000000000  0.000000000000000  0.000000000000000
0.078094337768734  0.000000499814385  0.000000000000000  1.000000000000000  0.000000000000000
0.078094337768734  0.000000499814385  0.000000000000000  0.000000000000000  1.000000000000000
0.078719710486275  0.000000500746553  1.000000000000000  0.000000000000000  0.000000000000000
0.078719710486275  0.000000500746553  0.000000000000000  1.000000000000000  0.000000000000000
0.078719710486275  0.000000500746553  0.000000000000000  0.000000000000000  1.000000000000000
0.079345083203817  0.000000501689469  1.000000000000000  0.000000000000000  0.000000000000000
0.079345083203817  0.000000501689469  0.000000000000000  1.000000000000000  0.000000000000000
0.079345083203817  0.000000501689469  0.000000000000000  0.000000000000000  1.000000000000000
0.079970455921358  0.000000502643229  1.000000000000000  0.000000000000000  0.000000000000000
0.079970455921358  0.000000502643229  0.000000000000000  1.000000000000000  0.000000000000000
0.079970455921358  0.000000502643229  0.000000000000000  0.000000000000000  1.000000000000000
0.080595828638899  0.000000503607933  1.000000000000000  0.000000000000000  0.000000000000000
0.080595828638899  0.000000503607933  0.000000000000000  1.000000000000000  0.000000000000000
0.080595828638899  0.000000503607933  0.000000000000000  0.000000000000000  1.000000000000000
0.081221201356441  0.000000504583679  1.000000000000000  0.000000000000000  0.000000000000000
0.081221201356441  0.000000504583679  0.000000000000000  1.000000000000000  0.000000000000000
0.081221201356441  0.000000504583679  0.000000000000000  0.000000000000000  1.000000000000000
0.081846574073982  0.000000505570570  1.000000000000000  0.000000000000000  0.000000000000000
0.081846574073982  0.000000505570570  0.000000000000000  1.000000000000000  0.000000000000000
0.081846574073982  0.000000505570570  0.000000000000000  0.000000000000000  1.000000000000000
0.082471946791523  0.000000506568708  1.000000000000000  0.000000000000000  0.000000000000000
0.082471946791523  0.000000506568708  0.000000000000000  1.000000000000000  0.000000000000000
0.082471946791523  0.000000506568708  0.000000000000000  0.000000000000000  1.000000000000000
0.083097319509065  0.000000507578200  1.000000000000000  0.000000000000000  0.000000000000000
0.083097319509065  0.000000507578200  0.000000000000000  1.000000000000000  0.000000000000000
0.083097319509065  0.000000507578200  0.000000000000000  0.000000000000000  1.000000000000000
0.083722692226606  0.000000508599151  1.000000000000000  0.000000000000000  0.000000000000000
0.083722692226606  0.000000508599151  0.000000000000000  1.000000000000000  0.000000000000000
0.083722692226606  0.000000508599151  0.000000000000000  0.000000000000000  1.000000000000000
0.084348064944147  0.000000509631670  1.000000000000000  0.000000000000000  0.000000000000000
0.084348064944147  0.000000509631670  0.000000000000000  1.000000000000000  0.000000000000000
0.084348064944147  0.000000509631670  0.000000000000000  0.000000000000000  1.000000000000000
0.084973437661689  0.000000510675868  1.000000000000000  0.000000000000000  0.000000000000000
0.084973437661689  0.000000510675868  0.000000000000000  1.000000000000000  0.000000000000000
0.084973437661689  0.000000510675868  0.000000000000000  0.000000000000000  1.000000000000000
0.085598810379230  0.000000511731857  1.000000000000000  0.000000000000000  0.000000000000000
0.085598810379230  0.000000511731857  0.000000000000000  1.000000000000000  0.000000000000000
0.085598810379230  0.000000511731857  0.000000000000000  0.000000000000000  1.000000000000000
0.086224183096771  0.000000512799751  1.000000000000000  0.000000000000000  0.000000000000000
0.086224183096771  0.000000512799751  0.000000000000000  1.000000000000000  0.000000000000000
0.086224183096771  0.000000512799751  0.000000000000000  0.000000000000000  1.000000000000000
0.086849555814313  0.000000513879665  1.000000000000000  0.000000000000000  0.000000000000000
0.086849555814313  0.000000513879665  0.000000000000000  1.000000000000000  0.000000000000000
0.086849555814313  0.000000513879665  0.000000000000000  0.000000000000000  1.000000000000000
0.087474928531854  0.000000514971718  1.000000000000000  0.000000000000000  0.000000000000000
0.087474928531854  0.000000514971718  0.000000000000000  1.000000000000000  0.000000000000000
0.087474928531854  0.000000514971718  0.000000000000000  0.000000000000000  1.000000000000000
0.088100301249395  0.000000516076030  1.000000000000000  0.000000000000000  0.000000000000000
0.088100301249395  0.000000516076030  0.000000000000000  1.000000000000000  0.000000000000000
0.088100301249395  0.000000516076030  0.000000000000000  0.000000000000000  1.000000000000000
0.088725673966937  0.000000517192722  1.000000000000000  0.000000000000000  0.000000000000000
0.088725673966937  0.000000517192722  0.000000000000000  1.000000000000000  0.000000000000000
0.088725673966937  0.000000517192722  0.000000000000000  0.000000000000000  1.000000000000000
0.089351046684478  0.000000518321919  1.000000000000000  0.000000000000000  0.000000000000000
0.089351046684478  0.000000518321919  0.000000000000000  1.000000000000000  0.000000000000000
0.089351046684478  0.000000518321919  0.000000000000000  0.000000000000000  1.000000000000000
0.089976419402019  0.000000519463747  1.000000000000000  0.000000000000000  0.000000000000000
0.089976419402019  0.000000519463747  0.000000000000000  1.000000000000000  0.000000000000000
0.089976419402019  0.000000519463747  0.000000000000000  0.000000000000000  1.000000000000000
0.090601792119561  0.000000520618333  1.000000000000000  0.000000000000000  0.000000000000000
0.090601792119561  0.000000520618333  0.000000000000000  1.000000000000000  0.000000000000000
0.090601792119561  0.000000520618333  0.000000000000000  0.000000000000000  1.000000000000000
0.091227164837102  0.000000521785809  1.000000000000000  0.000000000000000  0.000000000000000
0.091227164837102  0.000000521785809  0.000000000000000  1.000000000000000  0.000000000000000
0.091227164837102  0.000000521785809  0.000000000000000  0.000000000000000  1.000000000000000
0.091852537554643  0.000000522966306  1.000000000000000  0.000000000000000  0.000000000000000
0.091852537554643  0.000000522966306  0.000000000000000  1.000000000000000  0.000000000000000
0.091852537554643  0.000000522966306  0.000000000000000  0.000000000000000  1.000000000000000
0.092477910272185  0.000000524159960  1.000000000000000  0.000000000000000  0.000000000000000
0.092477910272185  0.000000524159960  0.000000000000000  1.000000000000000  0.000000000000000
0.092477910272185  0.000000524159960  0.000000000000000  0.000000000000000  1.000000000000000
0.093103282989726  0.000000525366908  1.000000000000000  0.000000000000000  0.000000000000000
0.093103282989726  0.000000525366908  0.000000000000000  1.000000000000000  0.000000000000000
0.093103282989726  0.000000525366908  0.000000000000000  0.000000000000000  1.000000000000000
0.093728655707267  0.000000526587290  1.000000000000000  0.000000000000000  0.000000000000000
0.093728655707267  0.000000526587290  0.000000000000000  1.000000000000000  0.000000000000000
0.093728655707267  0.000000526587290  0.000000000000000  0.000000000000000  1.000000000000000
0.094354028424809  0.000000527821246  1.000000000000000  0.000000000000000  0.000000000000000
0.094354028424809  0.000000527821246  0.000000000000000  1.000000000000000  0.000000000000000
0.094354028424809  0.000000527821246  0.000000000000000  0.000000000000000  1.000000000000000
0.094979401142350  0.000000529068922  1.000000000000000  0.000000000000000  0.000000000000000
0.094979401142350  0.000000529068922  0.000000000000000  1.000000000000000  0.000000000000000
0.094979401142350  0.000000529068922  0.000000000000000  0.000000000000000  1.000000000000000
0.095604773859891  0.000000530330465  1.000000000000000  0.000000000000000  0.000000000000000
0.095604773859891  0.000000530330465  0.000000000000000  1.000000000000000  0.000000000000000
0.095604773859891  0.000000530330465  0.000000000000000  0.000000000000000  1.000000000000000
0.096230146577433  0.000000531606023  1.000000000000000  0.000000000000000  0.000000000000000
0.096230146577433  0.000000531606023  0.000000000000000  1.000000000000000  0.000000000000000
0.096230146577433  0.000000531606023  0.000000000000000  0.000000000000000  1.000000000000000
0.096855519294974  0.000000532895749  1.000000000000000  0.000000000000000  0.000000000000000
0.096855519294974  0.000000532895749  0.000000000000000  1.000000000000000  0.000000000000000
0.096855519294974  0.000000532895749  0.000000000000000  0.000000000000000  1.000000000000000
0.097480892012515  0.000000534199797  1.000000000000000  0.000000000000000  0.000000000000000
0.097480892012515  0.000000534199797  0.000000000000000  1.000000000000000  0.000000000000000
0.097480892012515  0.000000534199797  0.000000000000000  0.000000000000000  1.000000000000000
0.098106264730057  0.000000535518325  1.000000000000000  0.000000000000000  0.000000000000000
0.098106264730057  0.000000535518325  0.000000000000000  1.000000000000000  0.000000000000000
0.098106264730057  0.000000535518325  0.000000000000000  0.000000000000000  1.000000000000000
0.098731637447598  0.000000536851492  1.000000000000000  0.000000000000000  0.000000000000000
0.098731637447598  0.000000536851492  0.000000000000000  1.000000000000000  0.000000000000000
0.098731637447598  0.000000536851492  0.000000000000000  0.000000000000000  1.000000000000000
0.099357010165139  0.000000538199461  1.000000000000000  0.000000000000000  0.000000000000000
0.099357010165139  0.000000538199461  0.000000000000000  1.000000000000000  0.000000000000000
0.099357010165139  0.000000538199461  0.000000000000000  0.000000000000000  1.000000000000000
0.099982382882681  0.000000539562399  1.000000000000000  0.000000000000000  0.000000000000000
0.099982382882681  0.000000539562399  0.000000000000000  1.000000000000000  0.000000000000000
0.099982382882681  0.000000539562399  0.000000000000000  0.000000000000000  1.000000000000000
0.100607755600222  0.000000540940473  1.000000000000000  0.000000000000000  0.000000000000000
0.100607755600222  0.000000540940473  0.000000000000000  1.000000000000000  0.000000000000000
0.100607755600222  0.000000540940473  0.000000000000000  0.000000000000000  1.000000000000000
0.101233128317763  0.000000542333855  1.000000000000000  0.000000000000000  0.000000000000000
0.101233128317763  0.000000542333855  0.000000000000000  1.000000000000000  0.000000000000000
0.101233128317763  0.000000542333855  0.000000000000000  0.000000000000000  1.000000000000000
0.101858501035305  0.000000543742721  1.000000000000000  0.000000000000000  0.000000000000000
0.101858501035305  0.000000543742721  0.000000000000000  1.000000000000000  0.000000000000000
0.101858501035305  0.000000543742721  0.000000000000000  0.000000000000000  1.000000000000000
0.102483873752846  0.000000545167246  1.000000000000000  0.000000000000000  0.000000000000000
0.102483873752846  0.000000545167246  0.000000000000000  1.000000000000000  0.000000000000000
0.102483873752846  0.000000545167246  0.000000000000000  0.000000000000000  1.000000000000000
0.103109246470387  0.000000546607613  1.000000000000000  0.000000000000000  0.000000000000000
0.103109246470387  0.000000546607613  0.000000000000000  1.000000000000000  0.000000000000000
0.103109246470387  0.000000546607613  0.000000000000000  0.000000000000000  1.000000000000000
0.103734619187929  0.000000548064005  1.000000000000000  0.000000000000000  0.000000000000000
0.103734619187929  0.000000548064005  0.000000000000000  1.000000000000000  0.000000000000000
0.103734619187929  0.000000548064005  0.000000000000000  0.000000000000000  1.000000000000000
0.104359991905470  0.000000549536611  1.000000000000000  0.000000000000000  0.000000000000000
0.104359991905470  0.000000549536611  0.000000000000000  1.000000000000000  0.000000000000000
0.104359991905470  0.000000549536611  0.000000000000000  0.000000000000000  1.000000000000000
0.104985364623011  0.000000551025619  1.000000000000000  0.000000000000000  0.000000000000000
0.104985364623011  0.000000551025619  0.000000000000000  1.000000000000000  0.000000000000000
0.104985364623011  0.000000551025619  0.000000000000000  0.000000000000000  1.000000000000000
0.105610737340553  0.000000552531226  1.000000000000000  0.000000000000000  0.000000000000000
0.105610737340553  0.000000552531226  0.000000000000000  1.000000000000000  0.000000000000000
0.105610737340553  0.000000552531226  0.000000000000000  0.000000000000000  1.000000000000000
0.106236110058094  0.000000554053628  1.000000000000000  0.000000000000000  0.000000000000000
0.106236110058094  0.000000554053628  0.000000000000000  1.000000000000000  0.000000000000000
0.106236110058094  0.000000554053628  0.000000000000000  0.000000000000000  1.000000000000000
0.106861482775635  0.000000555593027  1.000000000000000  0.000000000000000  0.000000000000000
0.106861482775635  0.000000555593027  0.000000000000000  1.000000000000000  0.000000000000000
0.106861482775635  0.000000555593027  0.000000000000000  0.000000000000000  1.000000000000000
0.107486855493176  0.000000557149628  1.000000000000000  0.000000000000000  0.000000000000000
0.107486855493176  0.000000557149628  0.000000000000000  1.000000000000000  0.000000000000000
0.107486855493176  0.000000557149628  0.000000000000000  0.000000000000000  1.000000000000000
0.108112228210718  0.000000558723639  1.000000000000000  0.000000000000000  0.000000000000000
0.108112228210718  0.000000558723639  0.000000000000000  1.000000000000000  0.000000000000000
0.108112228210718  0.000000558723639  0.000000000000000  0.000000000000000  1.000000000000000
0.108737600928259  0.000000560315274  1.000000000000000  0.000000000000000  0.000000000000000
0.108737600928259  0.000000560315274  0.000000000000000  1.000000000000000  0.000000000000000
0.108737600928259  0.000000560315274  0.000000000000000  0.000000000000000  1.000000000000000
0.109362973645800  0.000000561924748  1.000000000000000  0.000000000000000  0.000000000000000
0.109362973645800  0.000000561924748  0.000000000000000  1.000000000000000  0.000000000000000
0.109362973645800  0.000000561924748  0.000000000000000  0.000000000000000  1.000000000000000
0.109988346363342  0.000000563552282  1.000000000000000  0.000000000000000  0.000000000000000
0.109988346363342  0.000000563552282  0.000000000000000  1.000000000000000  0.000000000000000
0.109988346363342  0.000000563552282  0.000000000000000  0.000000000000000  1.000000000000000
0.110613719080883  0.000000565198101  1.000000000000000  0.000000000000000  0.000000000000000
0.110613719080883  0.000000565198101  0.000000000000000  1.000000000000000  0.000000000000000
0.110613719080883  0.000000565198101  0.000000000000000  0.000000000000000  1.000000000000000
0.111239091798424  0.000000566862433  1.000000000000000  0.000000000000000  0.000000000000000
0.111239091798424  0.000000566862433  0.000000000000000  1.000000000000000  0.000000000000000
0.111239091798424  0.000000566862433  0.000000000000000  0.000000000000000  1.000000000000000
0.111864464515966  0.000000568545511  1.000000000000000  0.000000000000000  0.000000000000000
0.111864464515966  0.000000568545511  0.000000000000000  1.000000000000000  0.000000000000000
0.111864464515966  0.000000568545511  0.000000000000000  0.000000000000000  1.000000000000000
0.112489837233507  0.000000570247573  1.000000000000000  0.000000000000000  0.000000000000000
0.112489837233507  0.000000570247573  0.000000000000000  1.000000000000000  0.000000000000000
0.112489837233507  0.000000570247573  0.000000000000000  0.000000000000000  1.000000000000000
0.113115209951048  0.000000571968861  1.000000000000000  0.000000000000000  0.000000000000000
0.113115209951048  0.000000571968861  0.000000000000000  1.000000000000000  0.000000000000000
0.113115209951048  0.000000571968861  0.000000000000000  0.000000000000000  1.000000000000000
0.113740582668590  0.000000573709620  1.000000000000000  0.000000000000000  0.000000000000000
0.113740582668590  0.000000573709620  0.000000000000000  1.000000000000000  0.000000000000000
0.113740582668590  0.000000573709620  0.000000000000000  0.000000000000000  1.000000000000000
0.114365955386131  0.000000575470103  1.000000000000000  0.000000000000000  0.000000000000000
0.114365955386131  0.000000575470103  0.000000000000000  1.000000000000000  0.000000000000000
0.114365955386131  0.000000575470103  0.000000000000000  0.000000000000000  1.000000000000000
0.114991328103672  0.000000577250564  1.000000000000000  0.000000000000000  0.000000000000000
0.114991328103672  0.000000577250564  0.000000000000000  1.000000000000000  0.000000000000000
0.114991328103672  0.000000577250564  0.000000000000000  0.000000000000000  1.000000000000000
0.115616700821214  0.000000579051265  1.000000000000000  0.000000000000000  0.000000000000000
0.115616700821214  0.000000579051265  0.000000000000000  1.000000000000000  0.000000000000000
0.115616700821214  0.000000579051265  0.000000000000000  0.000000000000000  1.000000000000000
0.116242073538755  0.000000580872472  1.000000000000000  0.000000000000000  0.000000000000000
0.116242073538755  0.000000580872472  0.000000000000000  1.000000000000000  0.000000000000000
0.116242073538755  0.000000580872472  0.000000000000000  0.000000000000000  1.000000000000000
0.116867446256296  0.000000582714455  1.000000000000000  0.000000000000000  0.000000000000000
0.116867446256296  0.000000582714455  0.000000000000000  1.000000000000000  0.000000000000000
0.116867446256296  0.000000582714455  0.000000000000000  0.000000000000000  1.000000000000000
0.117492818973838  0.000000584577490  1.000000000000000  0.000000000000000  0.000000000000000
0.117492818973838  0.000000584577490  0.000000000000000  1.000000000000000  0.000000000000000
0.117492818973838  0.000000584577490  0.000000000000000  0.000000000000000  1.000000000000000
0.118118191691379  0.000000586461858  1.000000000000000  0.000000000000000  0.000000000000000
0.118118191691379  0.000000586461858  0.000000000000000  1.000000000000000  0.000000000000000
0.118118191691379  0.000000586461858  0.000000000000000  0.000000000000000  1.000000000000000
0.118743564408920  0.000000588367848  1.000000000000000  0.000000000000000  0.000000000000000
0.118743564408920  0.000000588367848  0.000000000000000  1.000000000000000  0.000000000000000
0.118743564408920  0.000000588367848  0.000000000000000  0.000000000000000  1.000000000000000
0.119368937126462  0.000000590295751  1.000000000000000  0.000000000000000  0.000000000000000
0.119368937126462  0.000000590295751  0.000000000000000  1.000000000000000  0.000000000000000
0.119368937126462  0.000000590295751  0.000000000000000  0.000000000000000  1.000000000000000
0.119994309844003  0.000000592245865  1.000000000000000  0.000000000000000  0.000000000000000
0.119994309844003  0.000000592245865  0.000000000000000  1.000000000000000  0.000000000000000
0.119994309844003  0.000000592245865  0.000000000000000  0.000000000000000  1.000000000000000
0.120619682561544  0.000000594218495  1.000000000000000  0.000000000000000  0.000000000000000
0.120619682561544  0.000000594218495  0.000000000000000  1.000000000000000  0.000000000000000
0.120619682561544  0.000000594218495  0.000000000000000  0.000000000000000  1.000000000000000
0.121245055279086  0.000000596213952  1.000000000000000  0.000000000000000  0.000000000000000
0.121245055279086  0.000000596213952  0.000000000000000  1.000000000000000  0.000000000000000
0.121245055279086  0.000000596213952  0.000000000000000  0.000000000000000  1.000000000000000
0.121870427996627  0.000000598232550  1.000000000000000  0.000000000000000  0.000000000000000
0.121870427996627  0.000000598232550  0.000000000000000  1.000000000000000  0.000000000000000
0.121870427996627  0.000000598232550  0.000000000000000  0.000000000000000  1.000000000000000
0.122495800714168  0.000000600274614  1.000000000000000  0.000000000000000  0.000000000000000
0.122495800714168  0.000000600274614  0.000000000000000  1.000000000000000  0.000000000000000
0.122495800714168  0.000000600274614  0.000000000000000  0.000000000000000  1.000000000000000
0.123121173431710  0.000000602340472  1.000000000000000  0.000000000000000  0.000000000000000
0.123121173431710  0.000000602340472  0.000000000000000  1.000000000000000  0.000000000000000
0.123121173431710  0.000000602340472  0.000000000000000  0.000000000000000  1.000000000000000
0.123746546149251  0.000000604430460  1.000000000000000  0.000000000000000  0.000000000000000
0.123746546149251  0.000000604430460  0.000000000000000  1.000000000000000  0.000000000000000
0.123746546149251  0.000000604430460  0.000000000000000  0.000000000000000  1.000000000000000
0.124371918866792  0.000000606544922  1.000000000000000  0.000000000000000  0.000000000000000
0.124371918866792  0.000000606544922  0.000000000000000  1.000000000000000  0.000000000000000
0.124371918866792  0.000000606544922  0.000000000000000  0.000000000000000  1.000000000000000
0.124997291584334  0.000000608684205  1.000000000000000  0.000000000000000  0.000000000000000
0.124997291584334  0.000000608684205  0.000000000000000  1.000000000000000  0.000000000000000
0.124997291584334  0.000000608684205  0.000000000000000  0.000000000000000  1.000000000000000
0.125622664301875  0.000000610848668  1.000000000000000  0.000000000000000  0.000000000000000
0.125622664301875  0.000000610848668  0.000000000000000  1.000000000000000  0.000000000000000
0.125622664301875  0.000000610848668  0.000000000000000  0.000000000000000  1.000000000000000
0.126248037019416  0.000000613038674  1.000000000000000  0.000000000000000  0.000000000000000
0.126248037019416  0.000000613038674  0.000000000000000  1.000000000000000  0.000000000000000
0.126248037019416  0.000000613038674  0.000000000000000  0.000000000000000  1.000000000000000
0.126873409736958  0.000000615254595  1.000000000000000  0.000000000000000  0.000000000000000
0.126873409736958  0.000000615254595  0.000000000000000  1.000000000000000  0.000000000000000
0.126873409736958  0.000000615254595  0.000000000000000  0.000000000000000  1.000000000000000
0.127498782454499  0.000000617496810  1.000000000000000  0.000000000000000  0.000000000000000
0.127498782454499  0.000000617496810  0.000000000000000  1.000000000000000  0.000000000000000
0.127498782454499  0.000000617496810  0.000000000000000  0.000000000000000  1.000000000000000
0.128124155172040  0.000000619765707  1.000000000000000  0.000000000000000  0.000000000000000
0.128124155172040  0.000000619765707  0.000000000000000  1.000000000000000  0.000000000000000
0.128124155172040  0.000000619765707  0.000000000000000  0.000000000000000  1.000000000000000
0.128749527889582  0.000000622061680  1.000000000000000  0.000000000000000  0.000000000000000
0.128749527889582  0.000000622061680  0.000000000000000  1.000000000000000  0.000000000000000
0.128749527889582  0.000000622061680  0.000000000000000  0.000000000000000  1.000000000000000
0.129374900607123  0.000000624385134  1.000000000000000  0.000000000000000  0.000000000000000
0.129374900607123  0.000000624385134  0.000000000000000  1.000000000000000  0.000000000000000
0.129374900607123  0.000000624385134  0.000000000000000  0.000000000000000  1.000000000000000
0.130000273324664  0.000000626736480  1.000000000000000  0.000000000000000  0.000000000000000
0.130000273324664  0.000000626736480  0.000000000000000  1.000000000000000  0.000000000000000
0.130000273324664  0.000000626736480  0.000000000000000  0.000000000000000  1.000000000000000
0.130625646042206  0.000000629116139  1.000000000000000  0.000000000000000  0.000000000000000
0.130625646042206  0.000000629116139  0.000000000000000  1.000000000000000  0.000000000000000
0.130625646042206  0.000000629116139  0.000000000000000  0.000000000000000  1.000000000000000
0.131251018759747  0.000000631524542  1.000000000000000  0.000000000000000  0.000000000000000
0.131251018759747  0.000000631524542  0.000000000000000  1.000000000000000  0.000000000000000
0.131251018759747  0.000000631524542  0.000000000000000  0.000000000000000  1.000000000000000
0.131876391477288  0.000000633962126  1.000000000000000  0.000000000000000  0.000000000000000
0.131876391477288  0.000000633962126  0.000000000000000  1.000000000000000  0.000000000000000
0.131876391477288  0.000000633962126  0.000000000000000  0.000000000000000  1.000000000000000
0.132501764194830  0.000000636429342  1.000000000000000  0.000000000000000  0.000000000000000
0.132501764194830  0.000000636429342  0.000000000000000  1.000000000000000  0.000000000000000
0.132501764194830  0.000000636429342  0.000000000000000  0.000000000000000  1.000000000000000
0.133127136912371  0.000000638926646  1.000000000000000  0.000000000000000  0.000000000000000
0.133127136912371  0.000000638926646  0.000000000000000  1.000000000000000  0.000000000000000
0.133127136912371  0.000000638926646  0.000000000000000  0.000000000000000  1.000000000000000
0.133752509629912  0.000000641454507  1.000000000000000  0.000000000000000  0.000000000000000
0.133752509629912  0.000000641454507  0.000000000000000  1.000000000000000  0.000000000000000
0.133752509629912  0.000000641454507  0.000000000000000  0.000000000000000  1.000000000000000
0.134377882347453  0.000000644013404  1.000000000000000  0.000000000000000  0.000000000000000
0.134377882347453  0.000000644013404  0.000000000000000  1.000000000000000  0.000000000000000
0.134377882347453  0.000000644013404  0.000000000000000  0.000000000000000  1.000000000000000
0.135003255064995  0.000000646603826  1.000000000000000  0.000000000000000  0.000000000000000
0.135003255064995  0.000000646603826  0.000000000000000  1.000000000000000  0.000000000000000
0.135003255064995  0.000000646603826  0.000000000000000  0.000000000000000  1.000000000000000
0.135628627782536  0.000000649226272  1.000000000000000  0.000000000000000  0.000000000000000
0.135628627782536  0.000000649226272  0.000000000000000  1.000000000000000  0.000000000000000
0.135628627782536  0.000000649226272  0.000000000000000  0.000000000000000  1.000000000000000
0.136254000500077  0.000000651881252  1.000000000000000  0.000000000000000  0.000000000000000
0.136254000500077  0.000000651881252  0.000000000000000  1.000000000000000  0.000000000000000
0.136254000500077  0.000000651881252  0.000000000000000  0.000000000000000  1.000000000000000
0.136879373217619  0.000000654569290  1.000000000000000  0.000000000000000  0.000000000000000
0.136879373217619  0.000000654569290  0.000000000000000  1.000000000000000  0.000000000000000
0.136879373217619  0.000000654569290  0.000000000000000  0.000000000000000  1.000000000000000
0.137504745935160  0.000000657290919  1.000000000000000  0.000000000000000  0.000000000000000
0.137504745935160  0.000000657290919  0.000000000000000  1.000000000000000  0.000000000000000
0.137504745935160  0.000000657290919  0.000000000000000  0.000000000000000  1.000000000000000
0.138130118652701  0.000000660046685  1.000000000000000  0.000000000000000  0.000000000000000
0.138130118652701  0.000000660046685  0.000000000000000  1.000000000000000  0.000000000000000
0.138130118652701  0.000000660046685  0.000000000000000  0.000000000000000  1.000000000000000
0.138755491370243  0.000000662837146  1.000000000000000  0.000000000000000  0.000000000000000
0.138755491370243  0.000000662837146  0.000000000000000  1.000000000000000  0.000000000000000
0.138755491370243  0.000000662837146  0.000000000000000  0.000000000000000  1.000000000000000
0.139380864087784  0.000000665662873  1.000000000000000  0.000000000000000  0.000000000000000
0.139380864087784  0.000000665662873  0.000000000000000  1.000000000000000  0.000000000000000
0.139380864087784  0.000000665662873  0.000000000000000  0.000000000000000  1.000000000000000
0.140006236805325  0.000000668524452  1.000000000000000  0.000000000000000  0.000000000000000
0.140006236805325  0.000000668524452  0.000000000000000  1.000000000000000  0.000000000000000
0.140006236805325  0.000000668524452  0.000000000000000  0.000000000000000  1.000000000000000
0.140631609522867  0.000000671422478  1.000000000000000  0.000000000000000  0.000000000000000
0.140631609522867  0.000000671422478  0.000000000000000  1.000000000000000  0.000000000000000
0.140631609522867  0.000000671422478  0.000000000000000  0.000000000000000  1.000000000000000
0.141256982240408  0.000000674357564  1.000000000000000  0.000000000000000  0.000000000000000
0.141256982240408  0.000000674357564  0.000000000000000  1.000000000000000  0.000000000000000
0.141256982240408  0.000000674357564  0.000000000000000  0.000000000000000  1.000000000000000
0.141882354957949  0.000000677330335  1.000000000000000  0.000000000000000  0.000000000000000
0.141882354957949  0.000000677330335  0.000000000000000  1.000000000000000  0.000000000000000
0.141882354957949  0.000000677330335  0.000000000000000  0.000000000000000  1.000000000000000
0.142507727675491  0.000000680341431  1.000000000000000  0.000000000000000  0.000000000000000
0.142507727675491  0.000000680341431  0.000000000000000  1.000000000000000  0.000000000000000
0.142507727675491  0.000000680341431  0.000000000000000  0.000000000000000  1.000000000000000
0.143133100393032  0.000000683391509  1.000000000000000  0.000000000000000  0.000000000000000
0.143133100393032  0.000000683391509  0.000000000000000  1.000000000000000  0.000000000000000
0.143133100393032  0.000000683391509  0.000000000000000  0.000000000000000  1.000000000000000
0.143758473110573  0.000000686481238  1.000000000000000  0.000000000000000  0.000000000000000
0.143758473110573  0.000000686481238  0.000000000000000  1.000000000000000  0.000000000000000
0.143758473110573  0.000000686481238  0.000000000000000  0.000000000000000  1.000000000000000
0.144383845828115  0.000000689611306  1.000000000000000  0.000000000000000  0.000000000000000
0.144383845828115  0.000000689611306  0.000000000000000  1.000000000000000  0.000000000000000
0.144383845828115  0.000000689611306  0.000000000000000  0.000000000000000  1.000000000000000
0.145009218545656  0.000000692782416  1.000000000000000  0.000000000000000  0.000000000000000
0.145009218545656  0.000000692782416  0.000000000000000  1.000000000000000  0.000000000000000
0.145009218545656  0.000000692782416  0.000000000000000  0.000000000000000  1.000000000000000
0.145634591263197  0.000000695995289  1.000000000000000  0.000000000000000  0.000000000000000
0.145634591263197  0.000000695995289  0.000000000000000  1.000000000000000  0.000000000000000
0.145634591263197  0.000000695995289  0.000000000000000  0.000000000000000  1.000000000000000
0.146259963980739  0.000000699250662  1.000000000000000  0.000000000000000  0.000000000000000
0.146259963980739  0.000000699250662  0.000000000000000  1.000000000000000  0.000000000000000
0.146259963980739  0.000000699250662  0.000000000000000  0.000000000000000  1.000000000000000
0.146885336698280  0.000000702549290  1.000000000000000  0.000000000000000  0.000000000000000
0.146885336698280  0.000000702549290  0.000000000000000  1.000000000000000  0.000000000000000
0.146885336698280  0.000000702549290  0.000000000000000  0.000000000000000  1.000000000000000
0.147510709415821  0.000000705891948  1.000000000000000  0.000000000000000  0.000000000000000
0.147510709415821  0.000000705891948  0.000000000000000  1.000000000000000  0.000000000000000
0.147510709415821  0.000000705891948  0.000000000000000  0.000000000000000  1.000000000000000
0.148136082133363  0.000000709279430  1.000000000000000  0.000000000000000  0.000000000000000
0.148136082133363  0.000000709279430  0.000000000000000  1.000000000000000  0.000000000000000
0.148136082133363  0.000000709279430  0.000000000000000  0.000000000000000  1.000000000000000
0.148761454850904  0.000000712712548  1.000000000000000  0.000000000000000  0.000000000000000
0.148761454850904  0.000000712712548  0.000000000000000  1.000000000000000  0.000000000000000
0.148761454850904  0.000000712712548  0.000000000000000  0.000000000000000  1.000000000000000
0.149386827568445  0.000000716192136  1.000000000000000  0.000000000000000  0.000000000000000
0.149386827568445  0.000000716192136  0.000000000000000  1.000000000000000  0.000000000000000
0.149386827568445  0.000000716192136  0.000000000000000  0.000000000000000  1.000000000000000
0.150012200285987  0.000000719719047  1.000000000000000  0.000000000000000  0.000000000000000
0.150012200285987  0.000000719719047  0.000000000000000  1.000000000000000  0.000000000000000
0.150012200285987  0.000000719719047  0.000000000000000  0.000000000000000  1.000000000000000
0.150637573003528  0.000000723294159  1.000000000000000  0.000000000000000  0.000000000000000
0.150637573003528  0.000000723294159  0.000000000000000  1.000000000000000  0.000000000000000
0.150637573003528  0.000000723294159  0.000000000000000  0.000000000000000  1.000000000000000
0.151262945721069  0.000000726918368  1.000000000000000  0.000000000000000  0.000000000000000
0.151262945721069  0.000000726918368  0.000000000000000  1.000000000000000  0.000000000000000
0.151262945721069  0.000000726918368  0.000000000000000  0.000000000000000  1.000000000000000
0.151888318438611  0.000000730592595  1.000000000000000  0.000000000000000  0.000000000000000
0.151888318438611  0.000000730592595  0.000000000000000  1.000000000000000  0.000000000000000
0.151888318438611  0.000000730592595  0.000000000000000  0.000000000000000  1.000000000000000
0.152513691156152  0.000000734317787  1.000000000000000  0.000000000000000  0.000000000000000
0.152513691156152  0.000000734317787  0.000000000000000  1.000000000000000  0.000000000000000
0.152513691156152  0.000000734317787  0.000000000000000  0.000000000000000  1.000000000000000
0.153139063873693  0.000000738094911  1.000000000000000  0.000000000000000  0.000000000000000
0.153139063873693  0.000000738094911  0.000000000000000  1.000000000000000  0.000000000000000
0.153139063873693  0.000000738094911  0.000000000000000  0.000000000000000  1.000000000000000
0.153764436591235  0.000000741924962  1.000000000000000  0.000000000000000  0.000000000000000
0.153764436591235  0.000000741924962  0.000000000000000  1.000000000000000  0.000000000000000
0.153764436591235  0.000000741924962  0.000000000000000  0.000000000000000  1.000000000000000
0.154389809308776  0.000000745808960  1.000000000000000  0.000000000000000  0.000000000000000
0.154389809308776  0.000000745808960  0.000000000000000  1.000000000000000  0.000000000000000
0.154389809308776  0.000000745808960  0.000000000000000  0.000000000000000  1.000000000000000
0.155015182026317  0.000000749747954  1.000000000000000  0.000000000000000  0.000000000000000
0.155015182026317  0.000000749747954  0.000000000000000  1.000000000000000  0.000000000000000
0.155015182026317  0.000000749747954  0.000000000000000  0.000000000000000  1.000000000000000
0.155640554743859  0.000000753743018  1.000000000000000  0.000000000000000  0.000000000000000
0.155640554743859  0.000000753743018  0.000000000000000  1.000000000000000  0.000000000000000
0.155640554743859  0.000000753743018  0.000000000000000  0.000000000000000  1.000000000000000
0.156265927461400  0.000000757795256  1.000000000000000  0.000000000000000  0.000000000000000
0.156265927461400  0.000000757795256  0.000000000000000  1.000000000000000  0.000000000000000
0.156265927461400  0.000000757795256  0.000000000000000  0.000000000000000  1.000000000000000
0.156891300178941  0.000000761905802  1.000000000000000  0.000000000000000  0.000000000000000
0.156891300178941  0.000000761905802  0.000000000000000  1.000000000000000  0.000000000000000
0.156891300178941  0.000000761905802  0.000000000000000  0.000000000000000  1.000000000000000
0.157516672896483  0.000000766075821  1.000000000000000  0.000000000000000  0.000000000000000
0.157516672896483  0.000000766075821  0.000000000000000  1.000000000000000  0.000000000000000
0.157516672896483  0.000000766075821  0.000000000000000  0.000000000000000  1.000000000000000
0.158142045614024  0.000000770306508  1.000000000000000  0.000000000000000  0.000000000000000
0.158142045614024  0.000000770306508  0.000000000000000  1.000000000000000  0.000000000000000
0.158142045614024  0.000000770306508  0.000000000000000  0.000000000000000  1.000000000000000
0.158767418331565  0.000000774599093  1.000000000000000  0.000000000000000  0.000000000000000
0.158767418331565  0.000000774599093  0.000000000000000  1.000000000000000  0.000000000000000
0.158767418331565  0.000000774599093  0.000000000000000  0.000000000000000  1.000000000000000
0.159392791049107  0.000000778954839  1.000000000000000  0.000000000000000  0.000000000000000
0.159392791049107  0.000000778954839  0.000000000000000  1.000000000000000  0.000000000000000
0.159392791049107  0.000000778954839  0.000000000000000  0.000000000000000  1.000000000000000
0.160018163766648  0.000000783375044  1.000000000000000  0.000000000000000  0.000000000000000
0.160018163766648  0.000000783375044  0.000000000000000  1.000000000000000  0.000000000000000
0.160018163766648  0.000000783375044  0.000000000000000  0.000000000000000  1.000000000000000
0.160643536484189  0.000000787861042  1.000000000000000  0.000000000000000  0.000000000000000
0.160643536484189  0.000000787861042  0.000000000000000  1.000000000000000  0.000000000000000
0.160643536484189  0.000000787861042  0.000000000000000  0.000000000000000  1.000000000000000
0.161268909201731  0.000000792414205  1.000000000000000  0.000000000000000  0.000000000000000
0.161268909201731  0.000000792414205  0.000000000000000  1.000000000000000  0.000000000000000
0.161268909201731  0.000000792414205  0.000000000000000  0.000000000000000  1.000000000000000
0.161894281919272  0.000000797035945  1.000000000000000  0.000000000000000  0.000000000000000
0.161894281919272  0.000000797035945  0.000000000000000  1.000000000000000  0.000000000000000
0.161894281919272  0.000000797035945  0.000000000000000  0.000000000000000  1.000000000000000
0.162519654636813  0.000000801727714  1.000000000000000  0.000000000000000  0.000000000000000
0.162519654636813  0.000000801727714  0.000000000000000  1.000000000000000  0.000000000000000
0.162519654636813  0.000000801727714  0.000000000000000  0.000000000000000  1.000000000000000
0.163145027354354  0.000000806491003  1.000000000000000  0.000000000000000  0.000000000000000
0.163145027354354  0.000000806491003  0.000000000000000  1.000000000000000  0.000000000000000
0.163145027354354  0.000000806491003  0.000000000000000  0.000000000000000  1.000000000000000
0.163770400071896  0.000000811327351  1.000000000000000  0.000000000000000  0.000000000000000
0.163770400071896  0.000000811327351  0.000000000000000  1.000000000000000  0.000000000000000
0.163770400071896  0.000000811327351  0.000000000000000  0.000000000000000  1.000000000000000
0.164395772789437  0.000000816238339  1.000000000000000  0.000000000000000  0.000000000000000
0.164395772789437  0.000000816238339  0.000000000000000  1.000000000000000  0.000000000000000
0.164395772789437  0.000000816238339  0.000000000000000  0.000000000000000  1.000000000000000
0.165021145506978  0.000000821225594  1.000000000000000  0.000000000000000  0.000000000000000
0.165021145506978  0.000000821225594  0.000000000000000  1.000000000000000  0.000000000000000
0.165021145506978  0.000000821225594  0.000000000000000  0.000000000000000  1.000000000000000
0.165646518224520  0.000000826290794  1.000000000000000  0.000000000000000  0.000000000000000
0.165646518224520  0.000000826290794  0.000000000000000  1.000000000000000  0.000000000000000
0.165646518224520  0.000000826290794  0.000000000000000  0.000000000000000  1.000000000000000
0.166271890942061  0.000000831435665  1.000000000000000  0.000000000000000  0.000000000000000
0.166271890942061  0.000000831435665  0.000000000000000  1.000000000000000  0.000000000000000
0.166271890942061  0.000000831435665  0.000000000000000  0.000000000000000  1.000000000000000
0.166897263659602  0.000000836661984  1.000000000000000  0.000000000000000  0.000000000000000
0.166897263659602  0.000000836661984  0.000000000000000  1.000000000000000  0.000000000000000
0.166897263659602  0.000000836661984  0.000000000000000  0.000000000000000  1.000000000000000
0.167522636377144  0.000000841971585  1.000000000000000  0.000000000000000  0.000000000000000
0.167522636377144  0.000000841971585  0.000000000000000  1.000000000000000  0.000000000000000
0.167522636377144  0.000000841971585  0.000000000000000  0.000000000000000  1.000000000000000
0.168148009094685  0.000000847366356  1.000000000000000  0.000000000000000  0.000000000000000
0.168148009094685  0.000000847366356  0.000000000000000  1.000000000000000  0.000000000000000
0.168148009094685  0.000000847366356  0.000000000000000  0.000000000000000  1.000000000000000
0.168773381812226  0.000000852848243  1.000000000000000  0.000000000000000  0.000000000000000
0.168773381812226  0.000000852848243  0.000000000000000  1.000000000000000  0.000000000000000
0.168773381812226  0.000000852848243  0.000000000000000  0.000000000000000  1.000000000000000
0.169398754529768  0.000000858419252  1.000000000000000  0.000000000000000  0.000000000000000
0.169398754529768  0.000000858419252  0.000000000000000  1.000000000000000  0.000000000000000
0.169398754529768  0.000000858419252  0.000000000000000  0.000000000000000  1.000000000000000
0.170024127247309  0.000000864081455  1.000000000000000  0.000000000000000  0.000000000000000
0.170024127247309  0.000000864081455  0.000000000000000  1.000000000000000  0.000000000000000
0.170024127247309  0.000000864081455  0.000000000000000  0.000000000000000  1.000000000000000
0.170649499964850  0.000000869836984  1.000000000000000  0.000000000000000  0.000000000000000
0.170649499964850  0.000000869836984  0.000000000000000  1.000000000000000  0.000000000000000
0.170649499964850  0.000000869836984  0.000000000000000  0.000000000000000  1.000000000000000
0.171274872682392  0.000000875688043  1.000000000000000  0.000000000000000  0.000000000000000
0.171274872682392  0.000000875688043  0.000000000000000  1.000000000000000  0.000000000000000
0.171274872682392  0.000000875688043  0.000000000000000  0.000000000000000  1.000000000000000
0.171900245399933  0.000000881636904  1.000000000000000  0.000000000000000  0.000000000000000
0.171900245399933  0.000000881636904  0.000000000000000  1.000000000000000  0.000000000000000
0.171900245399933  0.000000881636904  0.000000000000000  0.000000000000000  1.000000000000000
0.172525618117474  0.000000887685915  1.000000000000000  0.000000000000000  0.000000000000000
0.172525618117474  0.000000887685915  0.000000000000000  1.000000000000000  0.000000000000000
0.172525618117474  0.000000887685915  0.000000000000000  0.000000000000000  1.000000000000000
0.173150990835016  0.000000893837496  1.000000000000000  0.000000000000000  0.000000000000000
0.173150990835016  0.000000893837496  0.000000000000000  1.000000000000000  0.000000000000000
0.173150990835016  0.000000893837496  0.000000000000000  0.000000000000000  1.000000000000000
0.173776363552557  0.000000900094150  1.000000000000000  0.000000000000000  0.000000000000000
0.173776363552557  0.000000900094150  0.000000000000000  1.000000000000000  0.000000000000000
0.173776363552557  0.000000900094150  0.000000000000000  0.000000000000000  1.000000000000000
0.174401736270098  0.000000906458462  1.000000000000000  0.000000000000000  0.000000000000000
0.174401736270098  0.000000906458462  0.000000000000000  1.000000000000000  0.000000000000000
0.174401736270098  0.000000906458462  0.000000000000000  0.000000000000000  1.000000000000000
0.175027108987640  0.000000912933102  1.000000000000000  0.000000000000000  0.000000000000000
0.175027108987640  0.000000912933102  0.000000000000000  1.000000000000000  0.000000000000000
0.175027108987640  0.000000912933102  0.000000000000000  0.000000000000000  1.000000000000000
0.175652481705181  0.000000919520830  1.000000000000000  0.000000000000000  0.000000000000000
0.175652481705181  0.000000919520830  0.000000000000000  1.000000000000000  0.000000000000000
0.175652481705181  0.000000919520830  0.000000000000000  0.000000000000000  1.000000000000000
0.176277854422722  0.000000926224501  1.000000000000000  0.000000000000000  0.000000000000000
0.176277854422722  0.000000926224501  0.000000000000000  1.000000000000000  0.000000000000000
0.176277854422722  0.000000926224501  0.000000000000000  0.000000000000000  1.000000000000000
0.176903227140264  0.000000933047066  1.000000000000000  0.000000000000000  0.000000000000000
0.176903227140264  0.000000933047066  0.000000000000000  1.000000000000000  0.000000000000000
0.176903227140264  0.000000933047066  0.000000000000000  0.000000000000000  1.000000000000000
0.177528599857805  0.000000939991577  1.000000000000000  0.000000000000000  0.000000000000000
0.177528599857805  0.000000939991577  0.000000000000000  1.000000000000000  0.000000000000000
0.177528599857805  0.000000939991577  0.000000000000000  0.000000000000000  1.000000000000000
0.178153972575346  0.000000947061193  1.000000000000000  0.000000000000000  0.000000000000000
0.178153972575346  0.000000947061193  0.000000000000000  1.000000000000000  0.000000000000000
0.178153972575346  0.000000947061193  0.000000000000000  0.000000000000000  1.000000000000000
0.178779345292888  0.000000954259186  1.000000000000000  0.000000000000000  0.000000000000000
0.178779345292888  0.000000954259186  0.000000000000000  1.000000000000000  0.000000000000000
0.178779345292888  0.000000954259186  0.000000000000000  0.000000000000000  1.000000000000000
0.179404718010429  0.000000961588940  1.000000000000000  0.000000000000000  0.000000000000000
0.179404718010429  0.000000961588940  0.000000000000000  1.000000000000000  0.000000000000000
0.179404718010429  0.000000961588940  0.000000000000000  0.000000000000000  1.000000000000000
0.180030090727970  0.000000969053960  1.000000000000000  0.000000000000000  0.000000000000000
0.180030090727970  0.000000969053960  0.000000000000000  1.000000000000000  0.000000000000000
0.180030090727970  0.000000969053960  0.000000000000000  0.000000000000000  1.000000000000000
0.180655463445512  0.000000976657881  1.000000000000000  0.000000000000000  0.000000000000000
0.180655463445512  0.000000976657881  0.000000000000000  1.000000000000000  0.000000000000000
0.180655463445512  0.000000976657881  0.000000000000000  0.000000000000000  1.000000000000000
0.181280836163053  0.000000984404466  1.000000000000000  0.000000000000000  0.000000000000000
0.181280836163053  0.000000984404466  0.000000000000000  1.000000000000000  0.000000000000000
0.181280836163053  0.000000984404466  0.000000000000000  0.000000000000000  1.000000000000000
0.181906208880594  0.000000992297616  1.000000000000000  0.000000000000000  0.000000000000000
0.181906208880594  0.000000992297616  0.000000000000000  1.000000000000000  0.000000000000000
0.181906208880594  0.000000992297616  0.000000000000000  0.000000000000000  1.000000000000000
0.182531581598136  0.000001000341380  1.000000000000000  0.000000000000000  0.000000000000000
0.182531581598136  0.000001000341380  0.000000000000000  1.000000000000000  0.000000000000000
0.182531581598136  0.000001000341380  0.000000000000000  0.000000000000000  1.000000000000000
0.183156954315677  0.000001008539955  1.000000000000000  0.000000000000000  0.000000000000000
0.183156954315677  0.000001008539955  0.000000000000000  1.000000000000000  0.000000000000000
0.183156954315677  0.000001008539955  0.000000000000000  0.000000000000000  1.000000000000000
0.183782327033218  0.000001016897696  1.000000000000000  0.000000000000000  0.000000000000000
0.183782327033218  0.000001016897696  0.000000000000000  1.000000000000000  0.000000000000000
0.183782327033218  0.000001016897696  0.000000000000000  0.000000000000000  1.000000000000000
0.184407699750760  0.000001025419126  1.000000000000000  0.000000000000000  0.000000000000000
0.184407699750760  0.000001025419126  0.000000000000000  1.000000000000000  0.000000000000000
0.184407699750760  0.000001025419126  0.000000000000000  0.000000000000000  1.000000000000000
0.185033072468301  0.000001034108938  1.000000000000000  0.000000000000000  0.000000000000000
0.185033072468301  0.000001034108938  0.000000000000000  1.000000000000000  0.000000000000000
0.185033072468301  0.000001034108938  0.000000000000000  0.000000000000000  1.000000000000000
0.185658445185842  0.000001042972011  1.000000000000000  0.000000000000000  0.000000000000000
0.185658445185842  0.000001042972011  0.000000000000000  1.000000000000000  0.000000000000000
0.185658445185842  0.000001042972011  0.000000000000000  0.000000000000000  1.000000000000000
0.186283817903384  0.000001052013412  1.000000000000000  0.000000000000000  0.000000000000000
0.186283817903384  0.000001052013412  0.000000000000000  1.000000000000000  0.000000000000000
0.186283817903384  0.000001052013412  0.000000000000000  0.000000000000000  1.000000000000000
0.186909190620925  0.000001061238411  1.000000000000000  0.000000000000000  0.000000000000000
0.186909190620925  0.000001061238411  0.000000000000000  1.000000000000000  0.000000000000000
0.186909190620925  0.000001061238411  0.000000000000000  0.000000000000000  1.000000000000000
0.187534563338466  0.000001070652485  1.000000000000000  0.000000000000000  0.000000000000000
0.187534563338466  0.000001070652485  0.000000000000000  1.000000000000000  0.000000000000000
0.187534563338466  0.000001070652485  0.000000000000000  0.000000000000000  1.000000000000000
0.188159936056008  0.000001080261334  1.000000000000000  0.000000000000000  0.000000000000000
0.188159936056008  0.000001080261334  0.000000000000000  1.000000000000000  0.000000000000000
0.188159936056008  0.000001080261334  0.000000000000000  0.000000000000000  1.000000000000000
0.188785308773549  0.000001090070891  1.000000000000000  0.000000000000000  0.000000000000000
0.188785308773549  0.000001090070891  0.000000000000000  1.000000000000000  0.000000000000000
0.188785308773549  0.000001090070891  0.000000000000000  0.000000000000000  1.000000000000000
0.189410681491090  0.000001100087332  1.000000000000000  0.000000000000000  0.000000000000000
0.189410681491090  0.000001100087332  0.000000000000000  1.000000000000000  0.000000000000000
0.189410681491090  0.000001100087332  0.000000000000000  0.000000000000000  1.000000000000000
0.190036054208631  0.000001110317089  1.000000000000000  0.000000000000000  0.000000000000000
0.190036054208631  0.000001110317089  0.000000000000000  1.000000000000000  0.000000000000000
0.190036054208631  0.000001110317089  0.000000000000000  0.000000000000000  1.000000000000000
0.190661426926173  0.000001120766865  1.000000000000000  0.000000000000000  0.000000000000000
0.190661426926173  0.000001120766865  0.000000000000000  1.000000000000000  0.000000000000000
0.190661426926173  0.000001120766865  0.000000000000000  0.000000000000000  1.000000000000000
0.191286799643714  0.000001131443648  1.000000000000000  0.000000000000000  0.000000000000000
0.191286799643714  0.000001131443648  0.000000000000000  1.000000000000000  0.000000000000000
0.191286799643714  0.000001131443648  0.000000000000000  0.000000000000000  1.000000000000000
0.191912172361255  0.000001142354727  1.000000000000000  0.000000000000000  0.000000000000000
0.191912172361255  0.000001142354727  0.000000000000000  1.000000000000000  0.000000000000000
0.191912172361255  0.000001142354727  0.000000000000000  0.000000000000000  1.000000000000000
0.192537545078797  0.000001153507704  1.000000000000000  0.000000000000000  0.000000000000000
0.192537545078797  0.000001153507704  0.000000000000000  1.000000000000000  0.000000000000000
0.192537545078797  0.000001153507704  0.000000000000000  0.000000000000000  1.000000000000000
0.193162917796338  0.000001164910516  1.000000000000000  0.000000000000000  0.000000000000000
0.193162917796338  0.000001164910516  0.000000000000000  1.000000000000000  0.000000000000000
0.193162917796338  0.000001164910516  0.000000000000000  0.000000000000000  1.000000000000000
0.193788290513879  0.000001176571454  1.000000000000000  0.000000000000000  0.000000000000000
0.193788290513879  0.000001176571454  0.000000000000000  1.000000000000000  0.000000000000000
0.193788290513879  0.000001176571454  0.000000000000000  0.000000000000000  1.000000000000000
0.194413663231421  0.000001188499177  1.000000000000000  0.000000000000000  0.000000000000000
0.194413663231421  0.000001188499177  0.000000000000000  1.000000000000000  0.000000000000000
0.194413663231421  0.000001188499177  0.000000000000000  0.000000000000000  1.000000000000000
0.195039035948962  0.000001200702739  1.000000000000000  0.000000000000000  0.000000000000000
0.195039035948962  0.000001200702739  0.000000000000000  1.000000000000000  0.000000000000000
0.195039035948962  0.000001200702739  0.000000000000000  0.000000000000000  1.000000000000000
0.195664408666503  0.000001213191609  1.000000000000000  0.000000000000000  0.000000000000000
0.195664408666503  0.000001213191609  0.000000000000000  1.000000000000000  0.000000000000000
0.195664408666503  0.000001213191609  0.000000000000000  0.000000000000000  1.000000000000000
0.196289781384045  0.000001225975694  1.000000000000000  0.000000000000000  0.000000000000000
0.196289781384045  0.000001225975694  0.000000000000000  1.000000000000000  0.000000000000000
0.196289781384045  0.000001225975694  0.000000000000000  0.000000000000000  1.000000000000000
0.196915154101586  0.000001239065367  1.000000000000000  0.000000000000000  0.000000000000000
0.196915154101586  0.000001239065367  0.000000000000000  1.000000000000000  0.000000000000000
0.196915154101586  0.000001239065367  0.000000000000000  0.000000000000000  1.000000000000000
0.197540526819127  0.000001252471494  1.000000000000000  0.000000000000000  0.000000000000000
0.197540526819127  0.000001252471494  0.000000000000000  1.000000000000000  0.000000000000000
0.197540526819127  0.000001252471494  0.000000000000000  0.000000000000000  1.000000000000000
0.198165899536669  0.000001266205462  1.000000000000000  0.000000000000000  0.000000000000000
0.198165899536669  0.000001266205462  0.000000000000000  1.000000000000000  0.000000000000000
0.198165899536669  0.000001266205462  0.000000000000000  0.000000000000000  1.000000000000000
0.198791272254210  0.000001280279213  1.000000000000000  0.000000000000000  0.000000000000000
0.198791272254210  0.000001280279213  0.000000000000000  1.000000000000000  0.000000000000000
0.198791272254210  0.000001280279213  0.000000000000000  0.000000000000000  1.000000000000000
0.199416644971751  0.000001294705276  1.000000000000000  0.000000000000000  0.000000000000000
0.199416644971751  0.000001294705276  0.000000000000000  1.000000000000000  0.000000000000000
0.199416644971751  0.000001294705276  0.000000000000000  0.000000000000000  1.000000000000000
0.200042017689293  0.000001309496805  1.000000000000000  0.000000000000000  0.000000000000000
0.200042017689293  0.000001309496805  0.000000000000000  1.000000000000000  0.000000000000000
0.200042017689293  0.000001309496805  0.000000000000000  0.000000000000000  1.000000000000000
0.200667390406834  0.000001324667619  1.000000000000000  0.000000000000000  0.000000000000000
0.200667390406834  0.000001324667619  0.000000000000000  1.000000000000000  0.000000000000000
0.200667390406834  0.000001324667619  0.000000000000000  0.000000000000000  1.000000000000000
0.201292763124375  0.000001340232242  1.000000000000000  0.000000000000000  0.000000000000000
0.201292763124375  0.000001340232242  0.000000000000000  1.000000000000000  0.000000000000000
0.201292763124375  0.000001340232242  0.000000000000000  0.000000000000000  1.000000000000000
0.201918135841917  0.000001356205951  1.000000000000000  0.000000000000000  0.000000000000000
0.201918135841917  0.000001356205951  0.000000000000000  1.000000000000000  0.000000000000000
0.201918135841917  0.000001356205951  0.000000000000000  0.000000000000000  1.000000000000000
0.202543508559458  0.000001372604824  1.000000000000000  0.000000000000000  0.000000000000000
0.202543508559458  0.000001372604824  0.000000000000000  1.000000000000000  0.000000000000000
0.202543508559458  0.000001372604824  0.000000000000000  0.000000000000000  1.000000000000000
0.203168881276999  0.000001389445794  1.000000000000000  0.000000000000000  0.000000000000000
0.203168881276999  0.000001389445794  0.000000000000000  1.000000000000000  0.000000000000000
0.203168881276999  0.000001389445794  0.000000000000000  0.000000000000000  1.000000000000000
0.203794253994541  0.000001406746706  1.000000000000000  0.000000000000000  0.000000000000000
0.203794253994541  0.000001406746706  0.000000000000000  1.000000000000000  0.000000000000000
0.203794253994541  0.000001406746706  0.000000000000000  0.000000000000000  1.000000000000000
0.204419626712082  0.000001424526380  1.000000000000000  0.000000000000000  0.000000000000000
0.204419626712082  0.000001424526380  0.000000000000000  1.000000000000000  0.000000000000000
0.204419626712082  0.000001424526380  0.000000000000000  0.000000000000000  1.000000000000000
0.205044999429623  0.000001442804677  1.000000000000000  0.000000000000000  0.000000000000000
0.205044999429623  0.000001442804677  0.000000000000000  1.000000000000000  0.000000000000000
0.205044999429623  0.000001442804677  0.000000000000000  0.000000000000000  1.000000000000000
0.205670372147165  0.000001461602575  1.000000000000000  0.000000000000000  0.000000000000000
0.205670372147165  0.000001461602575  0.000000000000000  1.000000000000000  0.000000000000000
0.205670372147165  0.000001461602575  0.000000000000000  0.000000000000000  1.000000000000000
0.206295744864706  0.000001480942244  1.000000000000000  0.000000000000000  0.000000000000000
0.206295744864706  0.000001480942244  0.000000000000000  1.000000000000000  0.000000000000000
0.206295744864706  0.000001480942244  0.000000000000000  0.000000000000000  1.000000000000000
0.206921117582247  0.000001500847136  1.000000000000000  0.000000000000000  0.000000000000000
0.206921117582247  0.000001500847136  0.000000000000000  1.000000000000000  0.000000000000000
0.206921117582247  0.000001500847136  0.000000000000000  0.000000000000000  1.000000000000000
0.207546490299789  0.000001521342078  1.000000000000000  0.000000000000000  0.000000000000000
0.207546490299789  0.000001521342078  0.000000000000000  1.000000000000000  0.000000000000000
0.207546490299789  0.000001521342078  0.000000000000000  0.000000000000000  1.000000000000000
0.208171863017330  0.000001542453371  1.000000000000000  0.000000000000000  0.000000000000000
0.208171863017330  0.000001542453371  0.000000000000000  1.000000000000000  0.000000000000000
0.208171863017330  0.000001542453371  0.000000000000000  0.000000000000000  1.000000000000000
0.208797235734871  0.000001564208906  1.000000000000000  0.000000000000000  0.000000000000000
0.208797235734871  0.000001564208906  0.000000000000000  1.000000000000000  0.000000000000000
0.208797235734871  0.000001564208906  0.000000000000000  0.000000000000000  1.000000000000000
0.209422608452413  0.000001586638285  1.000000000000000  0.000000000000000  0.000000000000000
0.209422608452413  0.000001586638285  0.000000000000000  1.000000000000000  0.000000000000000
0.209422608452413  0.000001586638285  0.000000000000000  0.000000000000000  1.000000000000000
0.210047981169954  0.000001609772949  1.000000000000000  0.000000000000000  0.000000000000000
0.210047981169954  0.000001609772949  0.000000000000000  1.000000000000000  0.000000000000000
0.210047981169954  0.000001609772949  0.000000000000000  0.000000000000000  1.000000000000000
0.210673353887495  0.000001633646330  1.000000000000000  0.000000000000000  0.000000000000000
0.210673353887495  0.000001633646330  0.000000000000000  1.000000000000000  0.000000000000000
0.210673353887495  0.000001633646330  0.000000000000000  0.000000000000000  1.000000000000000
0.211298726605037  0.000001658294007  1.000000000000000  0.000000000000000  0.000000000000000
0.211298726605037  0.000001658294007  0.000000000000000  1.000000000000000  0.000000000000000
0.211298726605037  0.000001658294007  0.000000000000000  0.000000000000000  1.000000000000000
0.211924099322578  0.000001683753883  1.000000000000000  0.000000000000000  0.000000000000000
0.211924099322578  0.000001683753883  0.000000000000000  1.000000000000000  0.000000000000000
0.211924099322578  0.000001683753883  0.000000000000000  0.000000000000000  1.000000000000000
0.212549472040119  0.000001710066374  1.000000000000000  0.000000000000000  0.000000000000000
0.212549472040119  0.000001710066374  0.000000000000000  1.000000000000000  0.000000000000000
0.212549472040119  0.000001710066374  0.000000000000000  0.000000000000000  1.000000000000000
0.213174844757661  0.000001737274629  1.000000000000000  0.000000000000000  0.000000000000000
0.213174844757661  0.000001737274629  0.000000000000000  1.000000000000000  0.000000000000000
0.213174844757661  0.000001737274629  0.000000000000000  0.000000000000000  1.000000000000000
0.213800217475202  0.000001765424755  1.000000000000000  0.000000000000000  0.000000000000000
0.213800217475202  0.000001765424755  0.000000000000000  1.000000000000000  0.000000000000000
0.213800217475202  0.000001765424755  0.000000000000000  0.000000000000000  1.000000000000000
0.214425590192743  0.000001794566082  1.000000000000000  0.000000000000000  0.000000000000000
0.214425590192743  0.000001794566082  0.000000000000000  1.000000000000000  0.000000000000000
0.214425590192743  0.000001794566082  0.000000000000000  0.000000000000000  1.000000000000000
0.215050962910285  0.000001824751448  1.000000000000000  0.000000000000000  0.000000000000000
0.215050962910285  0.000001824751448  0.000000000000000  1.000000000000000  0.000000000000000
0.215050962910285  0.000001824751448  0.000000000000000  0.000000000000000  1.000000000000000
0.215676335627826  0.000001856037512  1.000000000000000  0.000000000000000  0.000000000000000
0.215676335627826  0.000001856037512  0.000000000000000  1.000000000000000  0.000000000000000
0.215676335627826  0.000001856037512  0.000000000000000  0.000000000000000  1.000000000000000
0.216301708345367  0.000001888485112  1.000000000000000  0.000000000000000  0.000000000000000
0.216301708345367  0.000001888485112  0.000000000000000  1.000000000000000  0.000000000000000
0.216301708345367  0.000001888485112  0.000000000000000  0.000000000000000  1.000000000000000
0.216927081062909  0.000001922159656  1.000000000000000  0.000000000000000  0.000000000000000
0.216927081062909  0.000001922159656  0.000000000000000  1.000000000000000  0.000000000000000
0.216927081062909  0.000001922159656  0.000000000000000  0.000000000000000  1.000000000000000
0.217552453780450  0.000001957131555  1.000000000000000  0.000000000000000  0.000000000000000
0.217552453780450  0.000001957131555  0.000000000000000  1.000000000000000  0.000000000000000
0.217552453780450  0.000001957131555  0.000000000000000  0.000000000000000  1.000000000000000
0.218177826497991  0.000001993476716  1.000000000000000  0.000000000000000  0.000000000000000
0.218177826497991  0.000001993476716  0.000000000000000  1.000000000000000  0.000000000000000
0.218177826497991  0.000001993476716  0.000000000000000  0.000000000000000  1.000000000000000
0.218803199215532  0.000002031277085  1.000000000000000  0.000000000000000  0.000000000000000
0.218803199215532  0.000002031277085  0.000000000000000  1.000000000000000  0.000000000000000
0.218803199215532  0.000002031277085  0.000000000000000  0.000000000000000  1.000000000000000
0.219428571933074  0.000002070621261  1.000000000000000  0.000000000000000  0.000000000000000
0.219428571933074  0.000002070621261  0.000000000000000  1.000000000000000  0.000000000000000
0.219428571933074  0.000002070621261  0.000000000000000  0.000000000000000  1.000000000000000
0.220053944650615  0.000002111605188  1.000000000000000  0.000000000000000  0.000000000000000
0.220053944650615  0.000002111605188  0.000000000000000  1.000000000000000  0.000000000000000
0.220053944650615  0.000002111605188  0.000000000000000  0.000000000000000  1.000000000000000
0.220679317368156  0.000002154332925  1.000000000000000  0.000000000000000  0.000000000000000
0.220679317368156  0.000002154332925  0.000000000000000  1.000000000000000  0.000000000000000
0.220679317368156  0.000002154332925  0.000000000000000  0.000000000000000  1.000000000000000
0.221304690085698  0.000002198917530  1.000000000000000  0.000000000000000  0.000000000000000
0.221304690085698  0.000002198917530  0.000000000000000  1.000000000000000  0.000000000000000
0.221304690085698  0.000002198917530  0.000000000000000  0.000000000000000  1.000000000000000
0.221930062803239  0.000002245482050  1.000000000000000  0.000000000000000  0.000000000000000
0.221930062803239  0.000002245482050  0.000000000000000  1.000000000000000  0.000000000000000
0.221930062803239  0.000002245482050  0.000000000000000  0.000000000000000  1.000000000000000
0.222555435520780  0.000002294160649  1.000000000000000  0.000000000000000  0.000000000000000
0.222555435520780  0.000002294160649  0.000000000000000  1.000000000000000  0.000000000000000
0.222555435520780  0.000002294160649  0.000000000000000  0.000000000000000  1.000000000000000
0.223180808238322  0.000002345099896  1.000000000000000  0.000000000000000  0.000000000000000
0.223180808238322  0.000002345099896  0.000000000000000  1.000000000000000  0.000000000000000
0.223180808238322  0.000002345099896  0.000000000000000  0.000000000000000  1.000000000000000
0.223806180955863  0.000002398460225  1.000000000000000  0.000000000000000  0.000000000000000
0.223806180955863  0.000002398460225  0.000000000000000  1.000000000000000  0.000000000000000
0.223806180955863  0.000002398460225  0.000000000000000  0.000000000000000  1.000000000000000
0.224431553673404  0.000002454417622  1.000000000000000  0.000000000000000  0.000000000000000
0.224431553673404  0.000002454417622  0.000000000000000  1.000000000000000  0.000000000000000
0.224431553673404  0.000002454417622  0.000000000000000  0.000000000000000  1.000000000000000
0.225056926390946  0.000002513165552  1.000000000000000  0.000000000000000  0.000000000000000
0.225056926390946  0.000002513165552  0.000000000000000  1.000000000000000  0.000000000000000
0.225056926390946  0.000002513165552  0.000000000000000  0.000000000000000  1.000000000000000
0.225682299108487  0.000002574917183  1.000000000000000  0.000000000000000  0.000000000000000
0.225682299108487  0.000002574917183  0.000000000000000  1.000000000000000  0.000000000000000
0.225682299108487  0.000002574917183  0.000000000000000  0.000000000000000  1.000000000000000
0.226307671826028  0.000002639907963  1.000000000000000  0.000000000000000  0.000000000000000
0.226307671826028  0.000002639907963  0.000000000000000  1.000000000000000  0.000000000000000
0.226307671826028  0.000002639907963  0.000000000000000  0.000000000000000  1.000000000000000
0.226933044543570  0.000002708398604  1.000000000000000  0.000000000000000  0.000000000000000
0.226933044543570  0.000002708398604  0.000000000000000  1.000000000000000  0.000000000000000
0.226933044543570  0.000002708398604  0.000000000000000  0.000000000000000  1.000000000000000
0.227558417261111  0.000002780678568  1.000000000000000  0.000000000000000  0.000000000000000
0.227558417261111  0.000002780678568  0.000000000000000  1.000000000000000  0.000000000000000
0.227558417261111  0.000002780678568  0.000000000000000  0.000000000000000  1.000000000000000
0.228183789978652  0.000002857070135  1.000000000000000  0.000000000000000  0.000000000000000
0.228183789978652  0.000002857070135  0.000000000000000  1.000000000000000  0.000000000000000
0.228183789978652  0.000002857070135  0.000000000000000  0.000000000000000  1.000000000000000
0.228809162696194  0.000002937933199  1.000000000000000  0.000000000000000  0.000000000000000
0.228809162696194  0.000002937933199  0.000000000000000  1.000000000000000  0.000000000000000
0.228809162696194  0.000002937933199  0.000000000000000  0.000000000000000  1.000000000000000
0.229434535413735  0.000003023670909  1.000000000000000  0.000000000000000  0.000000000000000
0.229434535413735  0.000003023670909  0.000000000000000  1.000000000000000  0.000000000000000
0.229434535413735  0.000003023670909  0.000000000000000  0.000000000000000  1.000000000000000
0.230059908131276  0.000003114736373  1.000000000000000  0.000000000000000  0.000000000000000
0.230059908131276  0.000003114736373  0.000000000000000  1.000000000000000  0.000000000000000
0.230059908131276  0.000003114736373  0.000000000000000  0.000000000000000  1.000000000000000
0.230685280848818  0.000003211640639  1.000000000000000  0.000000000000000  0.000000000000000
0.230685280848818  0.000003211640639  0.000000000000000  1.000000000000000  0.000000000000000
0.230685280848818  0.000003211640639  0.000000000000000  0.000000000000000  1.000000000000000
0.231310653566359  0.000003314962266  1.000000000000000  0.000000000000000  0.000000000000000
0.231310653566359  0.000003314962266  0.000000000000000  1.000000000000000  0.000000000000000
0.231310653566359  0.000003314962266  0.000000000000000  0.000000000000000  1.000000000000000
0.231936026283900  0.000003425358841  1.000000000000000  0.000000000000000  0.000000000000000
0.231936026283900  0.000003425358841  0.000000000000000  1.000000000000000  0.000000000000000
0.231936026283900  0.000003425358841  0.000000000000000  0.000000000000000  1.000000000000000
0.232561399001442  0.000003543580954  1.000000000000000  0.000000000000000  0.000000000000000
0.232561399001442  0.000003543580954  0.000000000000000  1.000000000000000  0.000000000000000
0.232561399001442  0.000003543580954  0.000000000000000  0.000000000000000  1.000000000000000
0.233186771718983  0.000003670489233  1.000000000000000  0.000000000000000  0.000000000000000
0.233186771718983  0.000003670489233  0.000000000000000  1.000000000000000  0.000000000000000
0.233186771718983  0.000003670489233  0.000000000000000  0.000000000000000  1.000000000000000
0.233812144436524  0.000003807075270  1.000000000000000  0.000000000000000  0.000000000000000
0.233812144436524  0.000003807075270  0.000000000000000  1.000000000000000  0.000000000000000
0.233812144436524  0.000003807075270  0.000000000000000  0.000000000000000  1.000000000000000
0.234437517154066  0.000003954487512  1.000000000000000  0.000000000000000  0.000000000000000
0.234437517154066  0.000003954487512  0.000000000000000  1.000000000000000  0.000000000000000
0.234437517154066  0.000003954487512  0.000000000000000  0.000000000000000  1.000000000000000
0.235062889871607  0.000004114063536  1.000000000000000  0.000000000000000  0.000000000000000
0.235062889871607  0.000004114063536  0.000000000000000  1.000000000000000  0.000000000000000
0.235062889871607  0.000004114063536  0.000000000000000  0.000000000000000  1.000000000000000
0.235688262589148  0.000004287370646  1.000000000000000  0.000000000000000  0.000000000000000
0.235688262589148  0.000004287370646  0.000000000000000  1.000000000000000  0.000000000000000
0.235688262589148  0.000004287370646  0.000000000000000  0.000000000000000  1.000000000000000
0.236313635306690  0.000004476257376  1.000000000000000  0.000000000000000  0.000000000000000
0.236313635306690  0.000004476257376  0.000000000000000  1.000000000000000  0.000000000000000
0.236313635306690  0.000004476257376  0.000000000000000  0.000000000000000  1.000000000000000
0.236939008024231  0.000004682919508  1.000000000000000  0.000000000000000  0.000000000000000
0.236939008024231  0.000004682919508  0.000000000000000  1.000000000000000  0.000000000000000
0.236939008024231  0.000004682919508  0.000000000000000  0.000000000000000  1.000000000000000
0.237564380741772  0.000004909985577  1.000000000000000  0.000000000000000  0.000000000000000
0.237564380741772  0.000004909985577  0.000000000000000  1.000000000000000  0.000000000000000
0.237564380741772  0.000004909985577  0.000000000000000  0.000000000000000  1.000000000000000
0.238189753459314  0.000005160628950  1.000000000000000  0.000000000000000  0.000000000000000
0.238189753459314  0.000005160628950  0.000000000000000  1.000000000000000  0.000000000000000
0.238189753459314  0.000005160628950  0.000000000000000  0.000000000000000  1.000000000000000
0.238815126176855  0.000005438716613  1.000000000000000  0.000000000000000  0.000000000000000
0.238815126176855  0.000005438716613  0.000000000000000  1.000000000000000  0.000000000000000
0.238815126176855  0.000005438716613  0.000000000000000  0.000000000000000  1.000000000000000
0.239440498894396  0.000005749009491  1.000000000000000  0.000000000000000  0.000000000000000
0.239440498894396  0.000005749009491  0.000000000000000  1.000000000000000  0.000000000000000
0.239440498894396  0.000005749009491  0.000000000000000  0.000000000000000  1.000000000000000
0.240065871611938  0.000006097436403  1.000000000000000  0.000000000000000  0.000000000000000
0.240065871611938  0.000006097436403  0.000000000000000  1.000000000000000  0.000000000000000
0.240065871611938  0.000006097436403  0.000000000000000  0.000000000000000  1.000000000000000
0.240691244329479  0.000006491475232  1.000000000000000  0.000000000000000  0.000000000000000
0.240691244329479  0.000006491475232  0.000000000000000  1.000000000000000  0.000000000000000
0.240691244329479  0.000006491475232  0.000000000000000  0.000000000000000  1.000000000000000
0.241316617047020  0.000006940693658  1.000000000000000  0.000000000000000  0.000000000000000
0.241316617047020  0.000006940693658  0.000000000000000  1.000000000000000  0.000000000000000
0.241316617047020  0.000006940693658  0.000000000000000  0.000000000000000  1.000000000000000
0.241941989764562  0.000007457533096  1.000000000000000  0.000000000000000  0.000000000000000
0.241941989764562  0.000007457533096  0.000000000000000  1.000000000000000  0.000000000000000
0.241941989764562  0.000007457533096  0.000000000000000  0.000000000000000  1.000000000000000
0.242567362482103  0.000008058473632  1.000000000000000  0.000000000000000  0.000000000000000
0.242567362482103  0.000008058473632  0.000000000000000  1.000000000000000  0.000000000000000
0.242567362482103  0.000008058473632  0.000000000000000  0.000000000000000  1.000000000000000
0.243192735199644  0.000008765814615  1.000000000000000  0.000000000000000  0.000000000000000
0.243192735199644  0.000008765814615  0.000000000000000  1.000000000000000  0.000000000000000
0.243192735199644  0.000008765814615  0.000000000000000  0.000000000000000  1.000000000000000
0.243818107917186  0.000009610486363  1.000000000000000  0.000000000000000  0.000000000000000
0.243818107917186  0.000009610486363  0.000000000000000  1.000000000000000  0.000000000000000
0.243818107917186  0.000009610486363  0.000000000000000  0.000000000000000  1.000000000000000
0.244443480634727  0.000010636662085  1.000000000000000  0.000000000000000  0.000000000000000
0.244443480634727  0.000010636662085  0.000000000000000  1.000000000000000  0.000000000000000
0.244443480634727  0.000010636662085  0.000000000000000  0.000000000000000  1.000000000000000
0.245068853352268  0.000011909670707  1.000000000000000  0.000000000000000  0.000000000000000
0.245068853352268  0.000011909670707  0.000000000000000  1.000000000000000  0.000000000000000
0.245068853352268  0.000011909670707  0.000000000000000  0.000000000000000  1.000000000000000
0.245694226069810  0.000013530327535  1.000000000000000  0.000000000000000  0.000000000000000
0.245694226069810  0.000013530327535  0.000000000000000  1.000000000000000  0.000000000000000
0.245694226069810  0.000013530327535  0.000000000000000  0.000000000000000  1.000000000000000
0.246319598787351  0.000015662666157  1.000000000000000  0.000000000000000  0.000000000000000
0.246319598787351  0.000015662666157  0.000000000000000  1.000000000000000  0.000000000000000
0.246319598787351  0.000015662666157  0.000000000000000  0.000000000000000  1.000000000000000
0.246944971504892  0.000018592255014  1.000000000000000  0.000000000000000  0.000000000000000
0.246944971504892  0.000018592255014  0.000000000000000  1.000000000000000  0.000000000000000
0.246944971504892  0.000018592255014  0.000000000000000  0.000000000000000  1.000000000000000
0.247570344222433  0.000022862723138  1.000000000000000  0.000000000000000  0.000000000000000
0.247570344222433  0.000022862723138  0.000000000000000  1.000000000000000  0.000000000000000
0.247570344222433  0.000022862723138  0.000000000000000  0.000000000000000  1.000000000000000
0.248195716939975  0.000029644719099  1.000000000000000  0.000000000000000  0.000000000000000
0.248195716939975  0.000029644719099  0.000000000000000  1.000000000000000  0.000000000000000
0.248195716939975  0.000029644719099  0.000000000000000  0.000000000000000  1.000000000000000
0.248821089657516  0.000041952483702  1.000000000000000  0.000000000000000  0.000000000000000
0.248821089657516  0.000041952483702  0.000000000000000  1.000000000000000  0.000000000000000
0.248821089657516  0.000041952483702  0.000000000000000  0.000000000000000  1.000000000000000
0.249446462375057  0.000069862838590  1.000000000000000  0.000000000000000  0.000000000000000
0.249446462375057  0.000069862838590  0.000000000000000  1.000000000000000  0.000000000000000
0.249446462375057  0.000069862838590  0.000000000000000  0.000000000000000  1.000000000000000
0.250071835092599  0.000142940693556  1.000000000000000  0.000000000000000  0.000000000000000
0.250071835092599  0.000142940693556  0.000000000000000  1.000000000000000  0.000000000000000
0.250071835092599  0.000142940693556  0.000000000000000  0.000000000000000  1.000000000000000
0.250697207810140  0.000099370417022  1.000000000000000  0.000000000000000  0.000000000000000
0.250697207810140  0.000099370417022  0.000000000000000  1.000000000000000  0.000000000000000
0.250697207810140  0.000099370417022  0.000000000000000  0.000000000000000  1.000000000000000
0.251322580527681  0.000052502470111  1.000000000000000  0.000000000000000  0.000000000000000
0.251322580527681  0.000052502470111  0.000000000000000  1.000000000000000  0.000000000000000
0.251322580527681  0.000052502470111  0.000000000000000  0.000000000000000  1.000000000000000
0.251947953245223  0.000034619626757  1.000000000000000  0.000000000000000  0.000000000000000
0.251947953245223  0.000034619626757  0.000000000000000  1.000000000000000  0.000000000000000
0.251947953245223  0.000034619626757  0.000000000000000  0.000000000000000  1.000000000000000
0.252573325962764  0.000025675468985  1.000000000000000  0.000000000000000  0.000000000000000
0.252573325962764  0.000025675468985  0.000000000000000  1.000000000000000  0.000000000000000
0.252573325962764  0.000025675468985  0.000000000000000  0.000000000000000  1.000000000000000
0.253198698680305  0.000020364364039  1.000000000000000  0.000000000000000  0.000000000000000
0.253198698680305  0.000020364364039  0.000000000000000  1.000000000000000  0.000000000000000
0.253198698680305  0.000020364364039  0.000000000000000  0.000000000000000  1.000000000000000
0.253824071397847  0.000016858605692  1.000000000000000  0.000000000000000  0.000000000000000
0.253824071397847  0.000016858605692  0.000000000000000  1.000000000000000  0.000000000000000
0.253824071397847  0.000016858605692  0.000000000000000  0.000000000000000  1.000000000000000
0.254449444115388  0.000014375097886  1.000000000000000  0.000000000000000  0.000000000000000
0.254449444115388  0.000014375097886  0.000000000000000  1.000000000000000  0.000000000000000
0.254449444115388  0.000014375097886  0.000000000000000  0.000000000000000  1.000000000000000
0.255074816832929  0.000012524994071  1.000000000000000  0.000000000000000  0.000000000000000
0.255074816832929  0.000012524994071  0.000000000000000  1.000000000000000  0.000000000000000
0.255074816832929  0.000012524994071  0.000000000000000  0.000000000000000  1.000000000000000
0.255700189550471  0.000011093980857  1.000000000000000  0.000000000000000  0.000000000000000
0.255700189550471  0.000011093980857  0.000000000000000  1.000000000000000  0.000000000000000
0.255700189550471  0.000011093980857  0.000000000000000  0.000000000000000  1.000000000000000
0.256325562268012  0.000009954437212  1.000000000000000  0.000000000000000  0.000000000000000
0.256325562268012  0.000009954437212  0.000000000000000  1.000000000000000  0.000000000000000
0.256325562268012  0.000009954437212  0.000000000000000  0.000000000000000  1.000000000000000
0.256950934985553  0.000009025699267  1.000000000000000  0.000000000000000  0.000000000000000
0.256950934985553  0.000009025699267  0.000000000000000  1.000000000000000  0.000000000000000
0.256950934985553  0.000009025699267  0.000000000000000  0.000000000000000  1.000000000000000
0.257576307703095  0.000008254313093  1.000000000000000  0.000000000000000  0.000000000000000
0.257576307703095  0.000008254313093  0.000000000000000  1.000000000000000  0.000000000000000
0.257576307703095  0.000008254313093  0.000000000000000  0.000000000000000  1.000000000000000
0.258201680420636  0.000007603467466  1.000000000000000  0.000000000000000  0.000000000000000
0.258201680420636  0.000007603467466  0.000000000000000  1.000000000000000  0.000000000000000
0.258201680420636  0.000007603467466  0.000000000000000  0.000000000000000  1.000000000000000
0.258827053138177  0.000007046991200  1.000000000000000  0.000000000000000  0.000000000000000
0.258827053138177  0.000007046991200  0.000000000000000  1.000000000000000  0.000000000000000
0.258827053138177  0.000007046991200  0.000000000000000  0.000000000000000  1.000000000000000
0.259452425855719  0.000006565771357  1.000000000000000  0.000000000000000  0.000000000000000
0.259452425855719  0.000006565771357  0.000000000000000  1.000000000000000  0.000000000000000
0.259452425855719  0.000006565771357  0.000000000000000  0.000000000000000  1.000000000000000
0.260077798573260  0.000006145525944  1.000000000000000  0.000000000000000  0.000000000000000
0.260077798573260  0.000006145525944  0.000000000000000  1.000000000000000  0.000000000000000
0.260077798573260  0.000006145525944  0.000000000000000  0.000000000000000  1.000000000000000
0.260703171290801  0.000005775369364  1.000000000000000  0.000000000000000  0.000000000000000
0.260703171290801  0.000005775369364  0.000000000000000  1.000000000000000  0.000000000000000
0.260703171290801  0.000005775369364  0.000000000000000  0.000000000000000  1.000000000000000
0.261328544008343  0.000005446860075  1.000000000000000  0.000000000000000  0.000000000000000
0.261328544008343  0.000005446860075  0.000000000000000  1.000000000000000  0.000000000000000
0.261328544008343  0.000005446860075  0.000000000000000  0.000000000000000  1.000000000000000
0.261953916725884  0.000005153351500  1.000000000000000  0.000000000000000  0.000000000000000
0.261953916725884  0.000005153351500  0.000000000000000  1.000000000000000  0.000000000000000
0.261953916725884  0.000005153351500  0.000000000000000  0.000000000000000  1.000000000000000
0.262579289443425  0.000004889539256  1.000000000000000  0.000000000000000  0.000000000000000
0.262579289443425  0.000004889539256  0.000000000000000  1.000000000000000  0.000000000000000
0.262579289443425  0.000004889539256  0.000000000000000  0.000000000000000  1.000000000000000
0.263204662160967  0.000004651138795  1.000000000000000  0.000000000000000  0.000000000000000
0.263204662160967  0.000004651138795  0.000000000000000  1.000000000000000  0.000000000000000
0.263204662160967  0.000004651138795  0.000000000000000  0.000000000000000  1.000000000000000
0.263830034878508  0.000004434651646  1.000000000000000  0.000000000000000  0.000000000000000
0.263830034878508  0.000004434651646  0.000000000000000  1.000000000000000  0.000000000000000
0.263830034878508  0.000004434651646  0.000000000000000  0.000000000000000  1.000000000000000
0.264455407596049  0.000004237193120  1.000000000000000  0.000000000000000  0.000000000000000
0.264455407596049  0.000004237193120  0.000000000000000  1.000000000000000  0.000000000000000
0.264455407596049  0.000004237193120  0.000000000000000  0.000000000000000  1.000000000000000
0.265080780313591  0.000004056363407  1.000000000000000  0.000000000000000  0.000000000000000
0.265080780313591  0.000004056363407  0.000000000000000  1.000000000000000  0.000000000000000
0.265080780313591  0.000004056363407  0.000000000000000  0.000000000000000  1.000000000000000
0.265706153031132  0.000003890149838  1.000000000000000  0.000000000000000  0.000000000000000
0.265706153031132  0.000003890149838  0.000000000000000  1.000000000000000  0.000000000000000
0.265706153031132  0.000003890149838  0.000000000000000  0.000000000000000  1.000000000000000
0.266331525748673  0.000003736851872  1.000000000000000  0.000000000000000  0.000000000000000
0.266331525748673  0.000003736851872  0.000000000000000  1.000000000000000  0.000000000000000
0.266331525748673  0.000003736851872  0.000000000000000  0.000000000000000  1.000000000000000
0.266956898466215  0.000003595022862  1.000000000000000  0.000000000000000  0.000000000000000
0.266956898466215  0.000003595022862  0.000000000000000  1.000000000000000  0.000000000000000
0.266956898466215  0.000003595022862  0.000000000000000  0.000000000000000  1.000000000000000
0.267582271183756  0.000003463424388  1.000000000000000  0.000000000000000  0.000000000000000
0.267582271183756  0.000003463424388  0.000000000000000  1.000000000000000  0.000000000000000
0.267582271183756  0.000003463424388  0.000000000000000  0.000000000000000  1.000000000000000
0.268207643901297  0.000003340990108  1.000000000000000  0.000000000000000  0.000000000000000
0.268207643901297  0.000003340990108  0.000000000000000  1.000000000000000  0.000000000000000
0.268207643901297  0.000003340990108  0.000000000000000  0.000000000000000  1.000000000000000
0.268833016618839  0.000003226796875  1.000000000000000  0.000000000000000  0.000000000000000
0.268833016618839  0.000003226796875  0.000000000000000  1.000000000000000  0.000000000000000
0.268833016618839  0.000003226796875  0.000000000000000  0.000000000000000  1.000000000000000
0.269458389336380  0.000003120041491  1.000000000000000  0.000000000000000  0.000000000000000
0.269458389336380  0.000003120041491  0.000000000000000  1.000000000000000  0.000000000000000
0.269458389336380  0.000003120041491  0.000000000000000  0.000000000000000  1.000000000000000
0.270083762053921  0.000003020021840  1.000000000000000  0.000000000000000  0.000000000000000
0.270083762053921  0.000003020021840  0.000000000000000  1.000000000000000  0.000000000000000
0.270083762053921  0.000003020021840  0.000000000000000  0.000000000000000  1.000000000000000
0.270709134771463  0.000002926121477  1.000000000000000  0.000000000000000  0.000000000000000
0.270709134771463  0.000002926121477  0.000000000000000  1.000000000000000  0.000000000000000
0.270709134771463  0.000002926121477  0.000000000000000  0.000000000000000  1.000000000000000
0.271334507489004  0.000002837796948  1.000000000000000  0.000000000000000  0.000000000000000
0.271334507489004  0.000002837796948  0.000000000000000  1.000000000000000  0.000000000000000
0.271334507489004  0.000002837796948  0.000000000000000  0.000000000000000  1.000000000000000
0.271959880206545  0.000002754567304  1.000000000000000  0.000000000000000  0.000000000000000
0.271959880206545  0.000002754567304  0.000000000000000  1.000000000000000  0.000000000000000
0.271959880206545  0.000002754567304  0.000000000000000  0.000000000000000  1.000000000000000
0.272585252924087  0.000002676005362  1.000000000000000  0.000000000000000  0.000000000000000
0.272585252924087  0.000002676005362  0.000000000000000  1.000000000000000  0.000000000000000
0.272585252924087  0.000002676005362  0.000000000000000  0.000000000000000  1.000000000000000
0.273210625641628  0.000002601730404  1.000000000000000  0.000000000000000  0.000000000000000
0.273210625641628  0.000002601730404  0.000000000000000  1.000000000000000  0.000000000000000
0.273210625641628  0.000002601730404  0.000000000000000  0.000000000000000  1.000000000000000
0.273835998359169  0.000002531402023  1.000000000000000  0.000000000000000  0.000000000000000
0.273835998359169  0.000002531402023  0.000000000000000  1.000000000000000  0.000000000000000
0.273835998359169  0.000002531402023  0.000000000000000  0.000000000000000  1.000000000000000
0.274461371076710  0.000002464714928  1.000000000000000  0.000000000000000  0.000000000000000
0.274461371076710  0.000002464714928  0.000000000000000  1.000000000000000  0.000000000000000
0.274461371076710  0.000002464714928  0.000000000000000  0.000000000000000  1.000000000000000
0.275086743794252  0.000002401394533  1.000000000000000  0.000000000000000  0.000000000000000
0.275086743794252  0.000002401394533  0.000000000000000  1.000000000000000  0.000000000000000
0.275086743794252  0.000002401394533  0.000000000000000  0.000000000000000  1.000000000000000
0.275712116511793  0.000002341193188  1.000000000000000  0.000000000000000  0.000000000000000
0.275712116511793  0.000002341193188  0.000000000000000  1.000000000000000  0.000000000000000
0.275712116511793  0.000002341193188  0.000000000000000  0.000000000000000  1.000000000000000
0.276337489229334  0.000002283886961  1.000000000000000  0.000000000000000  0.000000000000000
0.276337489229334  0.000002283886961  0.000000000000000  1.000000000000000  0.000000000000000
0.276337489229334  0.000002283886961  0.000000000000000  0.000000000000000  1.000000000000000
0.276962861946876  0.000002229272862  1.000000000000000  0.000000000000000  0.000000000000000
0.276962861946876  0.000002229272862  0.000000000000000  1.000000000000000  0.000000000000000
0.276962861946876  0.000002229272862  0.000000000000000  0.000000000000000  1.000000000000000
0.277588234664417  0.000002177166453  1.000000000000000  0.000000000000000  0.000000000000000
0.277588234664417  0.000002177166453  0.000000000000000  1.000000000000000  0.000000000000000
0.277588234664417  0.000002177166453  0.000000000000000  0.000000000000000  1.000000000000000
0.278213607381958  0.000002127399775  1.000000000000000  0.000000000000000  0.000000000000000
0.278213607381958  0.000002127399775  0.000000000000000  1.000000000000000  0.000000000000000
0.278213607381958  0.000002127399775  0.000000000000000  0.000000000000000  1.000000000000000
0.278838980099500  0.000002079819553  1.000000000000000  0.000000000000000  0.000000000000000
0.278838980099500  0.000002079819553  0.000000000000000  1.000000000000000  0.000000000000000
0.278838980099500  0.000002079819553  0.000000000000000  0.000000000000000  1.000000000000000
0.279464352817041  0.000002034285620  1.000000000000000  0.000000000000000  0.000000000000000
0.279464352817041  0.000002034285620  0.000000000000000  1.000000000000000  0.000000000000000
0.279464352817041  0.000002034285620  0.000000000000000  0.000000000000000  1.000000000000000
0.280089725534582  0.000001990669551  1.000000000000000  0.000000000000000  0.000000000000000
0.280089725534582  0.000001990669551  0.000000000000000  1.000000000000000  0.000000000000000
0.280089725534582  0.000001990669551  0.000000000000000  0.000000000000000  1.000000000000000
0.280715098252124  0.000001948853456  1.000000000000000  0.000000000000000  0.000000000000000
0.280715098252124  0.000001948853456  0.000000000000000  1.000000000000000  0.000000000000000
0.280715098252124  0.000001948853456  0.000000000000000  0.000000000000000  1.000000000000000
0.281340470969665  0.000001908728923  1.000000000000000  0.000000000000000  0.000000000000000
0.281340470969665  0.000001908728923  0.000000000000000  1.000000000000000  0.000000000000000
0.281340470969665  0.000001908728923  0.000000000000000  0.000000000000000  1.000000000000000
0.281965843687206  0.000001870196086  1.000000000000000  0.000000000000000  0.000000000000000
0.281965843687206  0.000001870196086  0.000000000000000  1.000000000000000  0.000000000000000
0.281965843687206  0.000001870196086  0.000000000000000  0.000000000000000  1.000000000000000
0.282591216404748  0.000001833162798  1.000000000000000  0.000000000000000  0.000000000000000
0.282591216404748  0.000001833162798  0.000000000000000  1.000000000000000  0.000000000000000
0.282591216404748  0.000001833162798  0.000000000000000  0.000000000000000  1.000000000000000
0.283216589122289  0.000001797543901  1.000000000000000  0.000000000000000  0.000000000000000
0.283216589122289  0.000001797543901  0.000000000000000  1.000000000000000  0.000000000000000
0.283216589122289  0.000001797543901  0.000000000000000  0.000000000000000  1.000000000000000
0.283841961839830  0.000001763260577  1.000000000000000  0.000000000000000  0.000000000000000
0.283841961839830  0.000001763260577  0.000000000000000  1.000000000000000  0.000000000000000
0.283841961839830  0.000001763260577  0.000000000000000  0.000000000000000  1.000000000000000
0.284467334557372  0.000001730239767  1.000000000000000  0.000000000000000  0.000000000000000
0.284467334557372  0.000001730239767  0.000000000000000  1.000000000000000  0.000000000000000
0.284467334557372  0.000001730239767  0.000000000000000  0.000000000000000  1.000000000000000
0.285092707274913  0.000001698413658  1.000000000000000  0.000000000000000  0.000000000000000
0.285092707274913  0.000001698413658  0.000000000000000  1.000000000000000  0.000000000000000
0.285092707274913  0.000001698413658  0.000000000000000  0.000000000000000  1.000000000000000
0.285718079992454  0.000001667719218  1.000000000000000  0.000000000000000  0.000000000000000
0.285718079992454  0.000001667719218  0.000000000000000  1.000000000000000  0.000000000000000
0.285718079992454  0.000001667719218  0.000000000000000  0.000000000000000  1.000000000000000
0.286343452709996  0.000001638097787  1.000000000000000  0.000000000000000  0.000000000000000
0.286343452709996  0.000001638097787  0.000000000000000  1.000000000000000  0.000000000000000
0.286343452709996  0.000001638097787  0.000000000000000  0.000000000000000  1.000000000000000
0.286968825427537  0.000001609494700  1.000000000000000  0.000000000000000  0.000000000000000
0.286968825427537  0.000001609494700  0.000000000000000  1.000000000000000  0.000000000000000
0.286968825427537  0.000001609494700  0.000000000000000  0.000000000000000  1.000000000000000
0.287594198145078  0.000001581858956  1.000000000000000  0.000000000000000  0.000000000000000
0.287594198145078  0.000001581858956  0.000000000000000  1.000000000000000  0.000000000000000
0.287594198145078  0.000001581858956  0.000000000000000  0.000000000000000  1.000000000000000
0.288219570862620  0.000001555142919  1.000000000000000  0.000000000000000  0.000000000000000
0.288219570862620  0.000001555142919  0.000000000000000  1.000000000000000  0.000000000000000
0.288219570862620  0.000001555142919  0.000000000000000  0.000000000000000  1.000000000000000
0.288844943580161  0.000001529302041  1.000000000000000  0.000000000000000  0.000000000000000
0.288844943580161  0.000001529302041  0.000000000000000  1.000000000000000  0.000000000000000
0.288844943580161  0.000001529302041  0.000000000000000  0.000000000000000  1.000000000000000
0.289470316297702  0.000001504294618  1.000000000000000  0.000000000000000  0.000000000000000
0.289470316297702  0.000001504294618  0.000000000000000  1.000000000000000  0.000000000000000
0.289470316297702  0.000001504294618  0.000000000000000  0.000000000000000  1.000000000000000
0.290095689015244  0.000001480081573  1.000000000000000  0.000000000000000  0.000000000000000
0.290095689015244  0.000001480081573  0.000000000000000  1.000000000000000  0.000000000000000
0.290095689015244  0.000001480081573  0.000000000000000  0.000000000000000  1.000000000000000
0.290721061732785  0.000001456626243  1.000000000000000  0.000000000000000  0.000000000000000
0.290721061732785  0.000001456626243  0.000000000000000  1.000000000000000  0.000000000000000
0.290721061732785  0.000001456626243  0.000000000000000  0.000000000000000  1.000000000000000
0.291346434450326  0.000001433894207  1.000000000000000  0.000000000000000  0.000000000000000
0.291346434450326  0.000001433894207  0.000000000000000  1.000000000000000  0.000000000000000
0.291346434450326  0.000001433894207  0.000000000000000  0.000000000000000  1.000000000000000
0.291971807167868  0.000001411853109  1.000000000000000  0.000000000000000  0.000000000000000
0.291971807167868  0.000001411853109  0.000000000000000  1.000000000000000  0.000000000000000
0.291971807167868  0.000001411853109  0.000000000000000  0.000000000000000  1.000000000000000
0.292597179885409  0.000001390472514  1.000000000000000  0.000000000000000  0.000000000000000
0.292597179885409  0.000001390472514  0.000000000000000  1.000000000000000  0.000000000000000
0.292597179885409  0.000001390472514  0.000000000000000  0.000000000000000  1.000000000000000
0.293222552602950  0.000001369723765  1.000000000000000  0.000000000000000  0.000000000000000
0.293222552602950  0.000001369723765  0.000000000000000  1.000000000000000  0.000000000000000
0.293222552602950  0.000001369723765  0.000000000000000  0.000000000000000  1.000000000000000
0.293847925320492  0.000001349579855  1.000000000000000  0.000000000000000  0.000000000000000
0.293847925320492  0.000001349579855  0.000000000000000  1.000000000000000  0.000000000000000
0.293847925320492  0.000001349579855  0.000000000000000  0.000000000000000  1.000000000000000
0.294473298038033  0.000001330015314  1.000000000000000  0.000000000000000  0.000000000000000
0.294473298038033  0.000001330015314  0.000000000000000  1.000000000000000  0.000000000000000
0.294473298038033  0.000001330015314  0.000000000000000  0.000000000000000  1.000000000000000
0.295098670755574  0.000001311006102  1.000000000000000  0.000000000000000  0.000000000000000
0.295098670755574  0.000001311006102  0.000000000000000  1.000000000000000  0.000000000000000
0.295098670755574  0.000001311006102  0.000000000000000  0.000000000000000  1.000000000000000
0.295724043473116  0.000001292529510  1.000000000000000  0.000000000000000  0.000000000000000
0.295724043473116  0.000001292529510  0.000000000000000  1.000000000000000  0.000000000000000
0.295724043473116  0.000001292529510  0.000000000000000  0.000000000000000  1.000000000000000
0.296349416190657  0.000001274564072  1.000000000000000  0.000000000000000  0.000000000000000
0.296349416190657  0.000001274564072  0.000000000000000  1.000000000000000  0.000000000000000
0.296349416190657  0.000001274564072  0.000000000000000  0.000000000000000  1.000000000000000
0.296974788908198  0.000001257089484  1.000000000000000  0.000000000000000  0.000000000000000
0.296974788908198  0.000001257089484  0.000000000000000  1.000000000000000  0.000000000000000
0.296974788908198  0.000001257089484  0.000000000000000  0.000000000000000  1.000000000000000
0.297600161625740  0.000001240086526  1.000000000000000  0.000000000000000  0.000000000000000
0.297600161625740  0.000001240086526  0.000000000000000  1.000000000000000  0.000000000000000
0.297600161625740  0.000001240086526  0.000000000000000  0.000000000000000  1.000000000000000
0.298225534343281  0.000001223536994  1.000000000000000  0.000000000000000  0.000000000000000
0.298225534343281  0.000001223536994  0.000000000000000  1.000000000000000  0.000000000000000
0.298225534343281  0.000001223536994  0.000000000000000  0.000000000000000  1.000000000000000
0.298850907060822  0.000001207423636  1.000000000000000  0.000000000000000  0.000000000000000
0.298850907060822  0.000001207423636  0.000000000000000  1.000000000000000  0.000000000000000
0.298850907060822  0.000001207423636  0.000000000000000  0.000000000000000  1.000000000000000
0.299476279778363  0.000001191730093  1.000000000000000  0.000000000000000  0.000000000000000
0.299476279778363  0.000001191730093  0.000000000000000  1.000000000000000  0.000000000000000
0.299476279778363  0.000001191730093  0.000000000000000  0.000000000000000  1.000000000000000
0.300101652495905  0.000001176440846  1.000000000000000  0.000000000000000  0.000000000000000
0.300101652495905  0.000001176440846  0.000000000000000  1.000000000000000  0.000000000000000
0.300101652495905  0.000001176440846  0.000000000000000  0.000000000000000  1.000000000000000
0.300727025213446  0.000001161541163  1.000000000000000  0.000000000000000  0.000000000000000
0.300727025213446  0.000001161541163  0.000000000000000  1.000000000000000  0.000000000000000
0.300727025213446  0.000001161541163  0.000000000000000  0.000000000000000  1.000000000000000
0.301352397930987  0.000001147017057  1.000000000000000  0.000000000000000  0.000000000000000
0.301352397930987  0.000001147017057  0.000000000000000  1.000000000000000  0.000000000000000
0.301352397930987  0.000001147017057  0.000000000000000  0.000000000000000  1.000000000000000
0.301977770648529  0.000001132855243  1.000000000000000  0.000000000000000  0.000000000000000
0.301977770648529  0.000001132855243  0.000000000000000  1.000000000000000  0.000000000000000
0.301977770648529  0.000001132855243  0.000000000000000  0.000000000000000  1.000000000000000
0.302603143366070  0.000001119043096  1.000000000000000  0.000000000000000  0.000000000000000
0.302603143366070  0.000001119043096  0.000000000000000  1.000000000000000  0.000000000000000
0.302603143366070  0.000001119043096  0.000000000000000  0.000000000000000  1.000000000000000
0.303228516083612  0.000001105568622  1.000000000000000  0.000000000000000  0.000000000000000
0.303228516083612  0.000001105568622  0.000000000000000  1.000000000000000  0.000000000000000
0.303228516083612  0.000001105568622  0.000000000000000  0.000000000000000  1.000000000000000
0.303853888801153  0.000001092420418  1.000000000000000  0.000000000000000  0.000000000000000
0.303853888801153  0.000001092420418  0.000000000000000  1.000000000000000  0.000000000000000
0.303853888801153  0.000001092420418  0.000000000000000  0.000000000000000  1.000000000000000
0.304479261518694  0.000001079587650  1.000000000000000  0.000000000000000  0.000000000000000
0.304479261518694  0.000001079587650  0.000000000000000  1.000000000000000  0.000000000000000
0.304479261518694  0.000001079587650  0.000000000000000  0.000000000000000  1.000000000000000
0.305104634236235  0.000001067060026  1.000000000000000  0.000000000000000  0.000000000000000
0.305104634236235  0.000001067060026  0.000000000000000  1.000000000000000  0.000000000000000
0.305104634236235  0.000001067060026  0.000000000000000  0.000000000000000  1.000000000000000
0.305730006953777  0.000001054827771  1.000000000000000  0.000000000000000  0.000000000000000
0.305730006953777  0.000001054827771  0.000000000000000  1.000000000000000  0.000000000000000
0.305730006953777  0.000001054827771  0.000000000000000  0.000000000000000  1.000000000000000
0.306355379671318  0.000001042881609  1.000000000000000  0.000000000000000  0.000000000000000
0.306355379671318  0.000001042881609  0.000000000000000  1.000000000000000  0.000000000000000
0.306355379671318  0.000001042881609  0.000000000000000  0.000000000000000  1.000000000000000
0.306980752388859  0.000001031212750  1.000000000000000  0.000000000000000  0.000000000000000
0.306980752388859  0.000001031212750  0.000000000000000  1.000000000000000  0.000000000000000
0.306980752388859  0.000001031212750  0.000000000000000  0.000000000000000  1.000000000000000
0.307606125106401  0.000001019812878  1.000000000000000  0.000000000000000  0.000000000000000
0.307606125106401  0.000001019812878  0.000000000000000  1.000000000000000  0.000000000000000
0.307606125106401  0.000001019812878  0.000000000000000  0.000000000000000  1.000000000000000
0.308231497823942  0.000001008674148  1.000000000000000  0.000000000000000  0.000000000000000
0.308231497823942  0.000001008674148  0.000000000000000  1.000000000000000  0.000000000000000
0.308231497823942  0.000001008674148  0.000000000000000  0.000000000000000  1.000000000000000
0.308856870541483  0.000000997789190  1.000000000000000  0.000000000000000  0.000000000000000
0.308856870541483  0.000000997789190  0.000000000000000  1.000000000000000  0.000000000000000
0.308856870541483  0.000000997789190  0.000000000000000  0.000000000000000  1.000000000000000
0.309482243259025  0.000000987151121  1.000000000000000  0.000000000000000  0.000000000000000
0.309482243259025  0.000000987151121  0.000000000000000  1.000000000000000  0.000000000000000
0.309482243259025  0.000000987151121  0.000000000000000  0.000000000000000  1.000000000000000
0.310107615976566  0.000000976753580  1.000000000000000  0.000000000000000  0.000000000000000
0.310107615976566  0.000000976753580  0.000000000000000  1.000000000000000  0.000000000000000
0.310107615976566  0.000000976753580  0.000000000000000  0.000000000000000  1.000000000000000
0.310732988694107  0.000000966590784  1.000000000000000  0.000000000000000  0.000000000000000
0.310732988694107  0.000000966590784  0.000000000000000  1.000000000000000  0.000000000000000
0.310732988694107  0.000000966590784  0.000000000000000  0.000000000000000  1.000000000000000
0.311358361411649  0.000000956657635  1.000000000000000  0.000000000000000  0.000000000000000
0.311358361411649  0.000000956657635  0.000000000000000  1.000000000000000  0.000000000000000
0.311358361411649  0.000000956657635  0.000000000000000  0.000000000000000  1.000000000000000
0.311983734129190  0.000000946949916  1.000000000000000  0.000000000000000  0.000000000000000
0.311983734129190  0.000000946949916  0.000000000000000  1.000000000000000  0.000000000000000
0.311983734129190  0.000000946949916  0.000000000000000  0.000000000000000  1.000000000000000
0.312609106846731  0.000000937464678  1.000000000000000  0.000000000000000  0.000000000000000
0.312609106846731  0.000000937464678  0.000000000000000  1.000000000000000  0.000000000000000
0.312609106846731  0.000000937464678  0.000000000000000  0.000000000000000  1.000000000000000
0.313234479564273  0.000000928201133  1.000000000000000  0.000000000000000  0.000000000000000
0.313234479564273  0.000000928201133  0.000000000000000  1.000000000000000  0.000000000000000
0.313234479564273  0.000000928201133  0.000000000000000  0.000000000000000  1.000000000000000
0.313859852281814  0.000000919163222  1.000000000000000  0.000000000000000  0.000000000000000
0.313859852281814  0.000000919163222  0.000000000000000  1.000000000000000  0.000000000000000
0.313859852281814  0.000000919163222  0.000000000000000  0.000000000000000  1.000000000000000
0.314485224999355  0.000000910370281  1.000000000000000  0.000000000000000  0.000000000000000
0.314485224999355  0.000000910370281  0.000000000000000  1.000000000000000  0.000000000000000
0.314485224999355  0.000000910370281  0.000000000000000  0.000000000000000  1.000000000000000
0.315110597716897  0.000000901883584  1.000000000000000  0.000000000000000  0.000000000000000
0.315110597716897  0.000000901883584  0.000000000000000  1.000000000000000  0.000000000000000
0.315110597716897  0.000000901883584  0.000000000000000  0.000000000000000  1.000000000000000
0.315735970434438  0.000000893783714  1.000000000000000  0.000000000000000  0.000000000000000
0.315735970434438  0.000000893783714  0.000000000000000  1.000000000000000  0.000000000000000
0.315735970434438  0.000000893783714  0.000000000000000  0.000000000000000  1.000000000000000
0.316361343151979  0.000000886133455  1.000000000000000  0.000000000000000  0.000000000000000
0.316361343151979  0.000000886133455  0.000000000000000  1.000000000000000  0.000000000000000
0.316361343151979  0.000000886133455  0.000000000000000  0.000000000000000  1.000000000000000
0.316986715869521  0.000000878980753  1.000000000000000  0.000000000000000  0.000000000000000
0.316986715869521  0.000000878980753  0.000000000000000  1.000000000000000  0.000000000000000
0.316986715869521  0.000000878980753  0.000000000000000  0.000000000000000  1.000000000000000
0.317612088587062  0.000000872363828  1.000000000000000  0.000000000000000  0.000000000000000
0.317612088587062  0.000000872363828  0.000000000000000  1.000000000000000  0.000000000000000
0.317612088587062  0.000000872363828  0.000000000000000  0.000000000000000  1.000000000000000
0.318237461304603  0.000000866313812  1.000000000000000  0.000000000000000  0.000000000000000
0.318237461304603  0.000000866313812  0.000000000000000  1.000000000000000  0.000000000000000
0.318237461304603  0.000000866313812  0.000000000000000  0.000000000000000  1.000000000000000
0.318862834022145  0.000000860856227  1.000000000000000  0.000000000000000  0.000000000000000
0.318862834022145  0.000000860856227  0.000000000000000  1.000000000000000  0.000000000000000
0.318862834022145  0.000000860856227  0.000000000000000  0.000000000000000  1.000000000000000
0.319488206739686  0.000000856011884  1.000000000000000  0.000000000000000  0.000000000000000
0.319488206739686  0.000000856011884  0.000000000000000  1.000000000000000  0.000000000000000
0.319488206739686  0.000000856011884  0.000000000000000  0.000000000000000  1.000000000000000
0.320113579457227  0.000000851797478  1.000000000000000  0.000000000000000  0.000000000000000
0.320113579457227  0.000000851797478  0.000000000000000  1.000000000000000  0.000000000000000
0.320113579457227  0.000000851797478  0.000000000000000  0.000000000000000  1.000000000000000
0.320738952174769  0.000000848225998  1.000000000000000  0.000000000000000  0.000000000000000
0.320738952174769  0.000000848225998  0.000000000000000  1.000000000000000  0.000000000000000
0.320738952174769  0.000000848225998  0.000000000000000  0.000000000000000  1.000000000000000
0.321364324892310  0.000000845307030  1.000000000000000  0.000000000000000  0.000000000000000
0.321364324892310  0.000000845307030  0.000000000000000  1.000000000000000  0.000000000000000
0.321364324892310  0.000000845307030  0.000000000000000  0.000000000000000  1.000000000000000
0.321989697609851  0.000000843046999  1.000000000000000  0.000000000000000  0.000000000000000
0.321989697609851  0.000000843046999  0.000000000000000  1.000000000000000  0.000000000000000
0.321989697609851  0.000000843046999  0.000000000000000  0.000000000000000  1.000000000000000
0.322615070327393  0.000000841449374  1.000000000000000  0.000000000000000  0.000000000000000
0.322615070327393  0.000000841449374  0.000000000000000  1.000000000000000  0.000000000000000
0.322615070327393  0.000000841449374  0.000000000000000  0.000000000000000  1.000000000000000
0.323240443044934  0.000000840514845  1.000000000000000  0.000000000000000  0.000000000000000
0.323240443044934  0.000000840514845  0.000000000000000  1.000000000000000  0.000000000000000
0.323240443044934  0.000000840514845  0.000000000000000  0.000000000000000  1.000000000000000
0.323865815762475  0.000000840241501  1.000000000000000  0.000000000000000  0.000000000000000
0.323865815762475  0.000000840241501  0.000000000000000  1.000000000000000  0.000000000000000
0.323865815762475  0.000000840241501  0.000000000000000  0.000000000000000  1.000000000000000
0.324491188480017  0.000000840624997  1.000000000000000  0.000000000000000  0.000000000000000
0.324491188480017  0.000000840624997  0.000000000000000  1.000000000000000  0.000000000000000
0.324491188480017  0.000000840624997  0.000000000000000  0.000000000000000  1.000000000000000
0.325116561197558  0.000000841658726  1.000000000000000  0.000000000000000  0.000000000000000
0.325116561197558  0.000000841658726  0.000000000000000  1.000000000000000  0.000000000000000
0.325116561197558  0.000000841658726  0.000000000000000  0.000000000000000  1.000000000000000
0.325741933915099  0.000000843333996  1.000000000000000  0.000000000000000  0.000000000000000
0.325741933915099  0.000000843333996  0.000000000000000  1.000000000000000  0.000000000000000
0.325741933915099  0.000000843333996  0.000000000000000  0.000000000000000  1.000000000000000
0.326367306632641  0.000000845640208  1.000000000000000  0.000000000000000  0.000000000000000
0.326367306632641  0.000000845640208  0.000000000000000  1.000000000000000  0.000000000000000
0.326367306632641  0.000000845640208  0.000000000000000  0.000000000000000  1.000000000000000
0.326992679350182  0.000000848565043  1.000000000000000  0.000000000000000  0.000000000000000
0.326992679350182  0.000000848565043  0.000000000000000  1.000000000000000  0.000000000000000
0.326992679350182  0.000000848565043  0.000000000000000  0.000000000000000  1.000000000000000
0.327618052067723  0.000000852094646  1.000000000000000  0.000000000000000  0.000000000000000
0.327618052067723  0.000000852094646  0.000000000000000  1.000000000000000  0.000000000000000
0.327618052067723  0.000000852094646  0.000000000000000  0.000000000000000  1.000000000000000
0.328243424785265  0.000000856213818  1.000000000000000  0.000000000000000  0.000000000000000
0.328243424785265  0.000000856213818  0.000000000000000  1.000000000000000  0.000000000000000
0.328243424785265  0.000000856213818  0.000000000000000  0.000000000000000  1.000000000000000
0.328868797502806  0.000000860906198  1.000000000000000  0.000000000000000  0.000000000000000
0.328868797502806  0.000000860906198  0.000000000000000  1.000000000000000  0.000000000000000
0.328868797502806  0.000000860906198  0.000000000000000  0.000000000000000  1.000000000000000
0.329494170220347  0.000000866154451  1.000000000000000  0.000000000000000  0.000000000000000
0.329494170220347  0.000000866154451  0.000000000000000  1.000000000000000  0.000000000000000
0.329494170220347  0.000000866154451  0.000000000000000  0.000000000000000  1.000000000000000
0.330119542937888  0.000000871940446  1.000000000000000  0.000000000000000  0.000000000000000
0.330119542937888  0.000000871940446  0.000000000000000  1.000000000000000  0.000000000000000
0.330119542937888  0.000000871940446  0.000000000000000  0.000000000000000  1.000000000000000
0.330744915655430  0.000000878245424  1.000000000000000  0.000000000000000  0.000000000000000
0.330744915655430  0.000000878245424  0.000000000000000  1.000000000000000  0.000000000000000
0.330744915655430  0.000000878245424  0.000000000000000  0.000000000000000  1.000000000000000
0.331370288372971  0.000000885050164  1.000000000000000  0.000000000000000  0.000000000000000
0.331370288372971  0.000000885050164  0.000000000000000  1.000000000000000  0.000000000000000
0.331370288372971  0.000000885050164  0.000000000000000  0.000000000000000  1.000000000000000
0.331995661090512  0.000000892335133  1.000000000000000  0.000000000000000  0.000000000000000
0.331995661090512  0.000000892335133  0.000000000000000  1.000000000000000  0.000000000000000
0.331995661090512  0.000000892335133  0.000000000000000  0.000000000000000  1.000000000000000
0.332621033808054  0.000000900080626  1.000000000000000  0.000000000000000  0.000000000000000
0.332621033808054  0.000000900080626  0.000000000000000  1.000000000000000  0.000000000000000
0.332621033808054  0.000000900080626  0.000000000000000  0.000000000000000  1.000000000000000
0.333246406525595  0.000000908266897  1.000000000000000  0.000000000000000  0.000000000000000
0.333246406525595  0.000000908266897  0.000000000000000  1.000000000000000  0.000000000000000
0.333246406525595  0.000000908266897  0.000000000000000  0.000000000000000  1.000000000000000
0.333871779243136  0.000000916874270  1.000000000000000  0.000000000000000  0.000000000000000
0.333871779243136  0.000000916874270  0.000000000000000  1.000000000000000  0.000000000000000
0.333871779243136  0.000000916874270  0.000000000000000  0.000000000000000  1.000000000000000
0.334497151960678  0.000000925883245  1.000000000000000  0.000000000000000  0.000000000000000
0.334497151960678  0.000000925883245  0.000000000000000  1.000000000000000  0.000000000000000
0.334497151960678  0.000000925883245  0.000000000000000  0.000000000000000  1.000000000000000
0.335122524678219  0.000000935274585  1.000000000000000  0.000000000000000  0.000000000000000
0.335122524678219  0.000000935274585  0.000000000000000  1.000000000000000  0.000000000000000
0.335122524678219  0.000000935274585  0.000000000000000  0.000000000000000  1.000000000000000
0.335747897395760  0.000000945029398  1.000000000000000  0.000000000000000  0.000000000000000
0.335747897395760  0.000000945029398  0.000000000000000  1.000000000000000  0.000000000000000
0.335747897395760  0.000000945029398  0.000000000000000  0.000000000000000  1.000000000000000
0.336373270113302  0.000000955129199  1.000000000000000  0.000000000000000  0.000000000000000
0.336373270113302  0.000000955129199  0.000000000000000  1.000000000000000  0.000000000000000
0.336373270113302  0.000000955129199  0.000000000000000  0.000000000000000  1.000000000000000
0.336998642830843  0.000000965555965  1.000000000000000  0.000000000000000  0.000000000000000
0.336998642830843  0.000000965555965  0.000000000000000  1.000000000000000  0.000000000000000
0.336998642830843  0.000000965555965  0.000000000000000  0.000000000000000  1.000000000000000
0.337624015548384  0.000000976292183  1.000000000000000  0.000000000000000  0.000000000000000
0.337624015548384  0.000000976292183  0.000000000000000  1.000000000000000  0.000000000000000
0.337624015548384  0.000000976292183  0.000000000000000  0.000000000000000  1.000000000000000
0.338249388265926  0.000000987320880  1.000000000000000  0.000000000000000  0.000000000000000
0.338249388265926  0.000000987320880  0.000000000000000  1.000000000000000  0.000000000000000
0.338249388265926  0.000000987320880  0.000000000000000  0.000000000000000  1.000000000000000
0.338874760983467  0.000000998625655  1.000000000000000  0.000000000000000  0.000000000000000
0.338874760983467  0.000000998625655  0.000000000000000  1.000000000000000  0.000000000000000
0.338874760983467  0.000000998625655  0.000000000000000  0.000000000000000  1.000000000000000
0.339500133701008  0.000001010190694  1.000000000000000  0.000000000000000  0.000000000000000
0.339500133701008  0.000001010190694  0.000000000000000  1.000000000000000  0.000000000000000
0.339500133701008  0.000001010190694  0.000000000000000  0.000000000000000  1.000000000000000
0.340125506418550  0.000001022000781  1.000000000000000  0.000000000000000  0.000000000000000
0.340125506418550  0.000001022000781  0.000000000000000  1.000000000000000  0.000000000000000
0.340125506418550  0.000001022000781  0.000000000000000  0.000000000000000  1.000000000000000
0.340750879136091  0.000001034041310  1.000000000000000  0.000000000000000  0.000000000000000
0.340750879136091  0.000001034041310  0.000000000000000  1.000000000000000  0.000000000000000
0.340750879136091  0.000001034041310  0.000000000000000  0.000000000000000  1.000000000000000
0.341376251853632  0.000001046298280  1.000000000000000  0.000000000000000  0.000000000000000
0.341376251853632  0.000001046298280  0.000000000000000  1.000000000000000  0.000000000000000
0.341376251853632  0.000001046298280  0.000000000000000  0.000000000000000  1.000000000000000
0.342001624571174  0.000001058758294  1.000000000000000  0.000000000000000  0.000000000000000
0.342001624571174  0.000001058758294  0.000000000000000  1.000000000000000  0.000000000000000
0.342001624571174  0.000001058758294  0.000000000000000  0.000000000000000  1.000000000000000
0.342626997288715  0.000001071408552  1.000000000000000  0.000000000000000  0.000000000000000
0.342626997288715  0.000001071408552  0.000000000000000  1.000000000000000  0.000000000000000
0.342626997288715  0.000001071408552  0.000000000000000  0.000000000000000  1.000000000000000
0.343252370006256  0.000001084236839  1.000000000000000  0.000000000000000  0.000000000000000
0.343252370006256  0.000001084236839  0.000000000000000  1.000000000000000  0.000000000000000
0.343252370006256  0.000001084236839  0.000000000000000  0.000000000000000  1.000000000000000
0.343877742723798  0.000001097231515  1.000000000000000  0.000000000000000  0.000000000000000
0.343877742723798  0.000001097231515  0.000000000000000  1.000000000000000  0.000000000000000
0.343877742723798  0.000001097231515  0.000000000000000  0.000000000000000  1.000000000000000
0.344503115441339  0.000001110381500  1.000000000000000  0.000000000000000  0.000000000000000
0.344503115441339  0.000001110381500  0.000000000000000  1.000000000000000  0.000000000000000
0.344503115441339  0.000001110381500  0.000000000000000  0.000000000000000  1.000000000000000
0.345128488158880  0.000001123676252  1.000000000000000  0.000000000000000  0.000000000000000
0.345128488158880  0.000001123676252  0.000000000000000  1.000000000000000  0.000000000000000
0.345128488158880  0.000001123676252  0.000000000000000  0.000000000000000  1.000000000000000
0.345753860876422  0.000001137105757  1.000000000000000  0.000000000000000  0.000000000000000
0.345753860876422  0.000001137105757  0.000000000000000  1.000000000000000  0.000000000000000
0.345753860876422  0.000001137105757  0.000000000000000  0.000000000000000  1.000000000000000
0.346379233593963  0.000001150660507  1.000000000000000  0.000000000000000  0.000000000000000
0.346379233593963  0.000001150660507  0.000000000000000  1.000000000000000  0.000000000000000
0.346379233593963  0.000001150660507  0.000000000000000  0.000000000000000  1.000000000000000
0.347004606311504  0.000001164331479  1.000000000000000  0.000000000000000  0.000000000000000
0.347004606311504  0.000001164331479  0.000000000000000  1.000000000000000  0.000000000000000
0.347004606311504  0.000001164331479  0.000000000000000  0.000000000000000  1.000000000000000
0.347629979029046  0.000001178110119  1.000000000000000  0.000000000000000  0.000000000000000
0.347629979029046  0.000001178110119  0.000000000000000  1.000000000000000  0.000000000000000
0.347629979029046  0.000001178110119  0.000000000000000  0.000000000000000  1.000000000000000
0.348255351746587  0.000001191988321  1.000000000000000  0.000000000000000  0.000000000000000
0.348255351746587  0.000001191988321  0.000000000000000  1.000000000000000  0.000000000000000
0.348255351746587  0.000001191988321  0.000000000000000  0.000000000000000  1.000000000000000
0.348880724464128  0.000001205958408  1.000000000000000  0.000000000000000  0.000000000000000
0.348880724464128  0.000001205958408  0.000000000000000  1.000000000000000  0.000000000000000
0.348880724464128  0.000001205958408  0.000000000000000  0.000000000000000  1.000000000000000
0.349506097181670  0.000001220013113  1.000000000000000  0.000000000000000  0.000000000000000
0.349506097181670  0.000001220013113  0.000000000000000  1.000000000000000  0.000000000000000
0.349506097181670  0.000001220013113  0.000000000000000  0.000000000000000  1.000000000000000
0.350131469899211  0.000001234145557  1.000000000000000  0.000000000000000  0.000000000000000
0.350131469899211  0.000001234145557  0.000000000000000  1.000000000000000  0.000000000000000
0.350131469899211  0.000001234145557  0.000000000000000  0.000000000000000  1.000000000000000
0.350756842616752  0.000001248349236  1.000000000000000  0.000000000000000  0.000000000000000
0.350756842616752  0.000001248349236  0.000000000000000  1.000000000000000  0.000000000000000
0.350756842616752  0.000001248349236  0.000000000000000  0.000000000000000  1.000000000000000
0.351382215334294  0.000001262617999  1.000000000000000  0.000000000000000  0.000000000000000
0.351382215334294  0.000001262617999  0.000000000000000  1.000000000000000  0.000000000000000
0.351382215334294  0.000001262617999  0.000000000000000  0.000000000000000  1.000000000000000
0.352007588051835  0.000001276946031  1.000000000000000  0.000000000000000  0.000000000000000
0.352007588051835  0.000001276946031  0.000000000000000  1.000000000000000  0.000000000000000
0.352007588051835  0.000001276946031  0.000000000000000  0.000000000000000  1.000000000000000
0.352632960769376  0.000001291327838  1.000000000000000  0.000000000000000  0.000000000000000
0.352632960769376  0.000001291327838  0.000000000000000  1.000000000000000  0.000000000000000
0.352632960769376  0.000001291327838  0.000000000000000  0.000000000000000  1.000000000000000
0.353258333486918  0.000001305758229  1.000000000000000  0.000000000000000  0.000000000000000
0.353258333486918  0.000001305758229  0.000000000000000  1.000000000000000  0.000000000000000
0.353258333486918  0.000001305758229  0.000000000000000  0.000000000000000  1.000000000000000
0.353883706204459  0.000001320232299  1.000000000000000  0.000000000000000  0.000000000000000
0.353883706204459  0.000001320232299  0.000000000000000  1.000000000000000  0.000000000000000
0.353883706204459  0.000001320232299  0.000000000000000  0.000000000000000  1.000000000000000
0.354509078922000  0.000001334745420  1.000000000000000  0.000000000000000  0.000000000000000
0.354509078922000  0.000001334745420  0.000000000000000  1.000000000000000  0.000000000000000
0.354509078922000  0.000001334745420  0.000000000000000  0.000000000000000  1.000000000000000
0.355134451639541  0.000001349293220  1.000000000000000  0.000000000000000  0.000000000000000
0.355134451639541  0.000001349293220  0.000000000000000  1.000000000000000  0.000000000000000
0.355134451639541  0.000001349293220  0.000000000000000  0.000000000000000  1.000000000000000
0.355759824357083  0.000001363871571  1.000000000000000  0.000000000000000  0.000000000000000
0.355759824357083  0.000001363871571  0.000000000000000  1.000000000000000  0.000000000000000
0.355759824357083  0.000001363871571  0.000000000000000  0.000000000000000  1.000000000000000
0.356385197074624  0.000001378476580  1.000000000000000  0.000000000000000  0.000000000000000
0.356385197074624  0.000001378476580  0.000000000000000  1.000000000000000  0.000000000000000
0.356385197074624  0.000001378476580  0.000000000000000  0.000000000000000  1.000000000000000
0.357010569792165  0.000001393104570  1.000000000000000  0.000000000000000  0.000000000000000
0.357010569792165  0.000001393104570  0.000000000000000  1.000000000000000  0.000000000000000
0.357010569792165  0.000001393104570  0.000000000000000  0.000000000000000  1.000000000000000
0.357635942509707  0.000001407752076  1.000000000000000  0.000000000000000  0.000000000000000
0.357635942509707  0.000001407752076  0.000000000000000  1.000000000000000  0.000000000000000
0.357635942509707  0.000001407752076  0.000000000000000  0.000000000000000  1.000000000000000
0.358261315227248  0.000001422415824  1.000000000000000  0.000000000000000  0.000000000000000
0.358261315227248  0.000001422415824  0.000000000000000  1.000000000000000  0.000000000000000
0.358261315227248  0.000001422415824  0.000000000000000  0.000000000000000  1.000000000000000
0.358886687944790  0.000001437092732  1.000000000000000  0.000000000000000  0.000000000000000
0.358886687944790  0.000001437092732  0.000000000000000  1.000000000000000  0.000000000000000
0.358886687944790  0.000001437092732  0.000000000000000  0.000000000000000  1.000000000000000
0.359512060662331  0.000001451779888  1.000000000000000  0.000000000000000  0.000000000000000
0.359512060662331  0.000001451779888  0.000000000000000  1.000000000000000  0.000000000000000
0.359512060662331  0.000001451779888  0.000000000000000  0.000000000000000  1.000000000000000
0.360137433379872  0.000001466474551  1.000000000000000  0.000000000000000  0.000000000000000
0.360137433379872  0.000001466474551  0.000000000000000  1.000000000000000  0.000000000000000
0.360137433379872  0.000001466474551  0.000000000000000  0.000000000000000  1.000000000000000
0.360762806097413  0.000001481174134  1.000000000000000  0.000000000000000  0.000000000000000
0.360762806097413  0.000001481174134  0.000000000000000  1.000000000000000  0.000000000000000
0.360762806097413  0.000001481174134  0.000000000000000  0.000000000000000  1.000000000000000
0.361388178814955  0.000001495876199  1.000000000000000  0.000000000000000  0.000000000000000
0.361388178814955  0.000001495876199  0.000000000000000  1.000000000000000  0.000000000000000
0.361388178814955  0.000001495876199  0.000000000000000  0.000000000000000  1.000000000000000
0.362013551532496  0.000001510578451  1.000000000000000  0.000000000000000  0.000000000000000
0.362013551532496  0.000001510578451  0.000000000000000  1.000000000000000  0.000000000000000
0.362013551532496  0.000001510578451  0.000000000000000  0.000000000000000  1.000000000000000
0.362638924250037  0.000001525278724  1.000000000000000  0.000000000000000  0.000000000000000
0.362638924250037  0.000001525278724  0.000000000000000  1.000000000000000  0.000000000000000
0.362638924250037  0.000001525278724  0.000000000000000  0.000000000000000  1.000000000000000
0.363264296967579  0.000001539974980  1.000000000000000  0.000000000000000  0.000000000000000
0.363264296967579  0.000001539974980  0.000000000000000  1.000000000000000  0.000000000000000
0.363264296967579  0.000001539974980  0.000000000000000  0.000000000000000  1.000000000000000
0.363889669685120  0.000001554665300  1.000000000000000  0.000000000000000  0.000000000000000
0.363889669685120  0.000001554665300  0.000000000000000  1.000000000000000  0.000000000000000
0.363889669685120  0.000001554665300  0.000000000000000  0.000000000000000  1.000000000000000
0.364515042402661  0.000001569347875  1.000000000000000  0.000000000000000  0.000000000000000
0.364515042402661  0.000001569347875  0.000000000000000  1.000000000000000  0.000000000000000
0.364515042402661  0.000001569347875  0.000000000000000  0.000000000000000  1.000000000000000
0.365140415120203  0.000001584021004  1.000000000000000  0.000000000000000  0.000000000000000
0.365140415120203  0.000001584021004  0.000000000000000  1.000000000000000  0.000000000000000
0.365140415120203  0.000001584021004  0.000000000000000  0.000000000000000  1.000000000000000
0.365765787837744  0.000001598683086  1.000000000000000  0.000000000000000  0.000000000000000
0.365765787837744  0.000001598683086  0.000000000000000  1.000000000000000  0.000000000000000
0.365765787837744  0.000001598683086  0.000000000000000  0.000000000000000  1.000000000000000
0.366391160555285  0.000001613332614  1.000000000000000  0.000000000000000  0.000000000000000
0.366391160555285  0.000001613332614  0.000000000000000  1.000000000000000  0.000000000000000
0.366391160555285  0.000001613332614  0.000000000000000  0.000000000000000  1.000000000000000
0.367016533272827  0.000001627968172  1.000000000000000  0.000000000000000  0.000000000000000
0.367016533272827  0.000001627968172  0.000000000000000  1.000000000000000  0.000000000000000
0.367016533272827  0.000001627968172  0.000000000000000  0.000000000000000  1.000000000000000
0.367641905990368  0.000001642588427  1.000000000000000  0.000000000000000  0.000000000000000
0.367641905990368  0.000001642588427  0.000000000000000  1.000000000000000  0.000000000000000
0.367641905990368  0.000001642588427  0.000000000000000  0.000000000000000  1.000000000000000
0.368267278707909  0.000001657192128  1.000000000000000  0.000000000000000  0.000000000000000
0.368267278707909  0.000001657192128  0.000000000000000  1.000000000000000  0.000000000000000
0.368267278707909  0.000001657192128  0.000000000000000  0.000000000000000  1.000000000000000
0.368892651425451  0.000001671778100  1.000000000000000  0.000000000000000  0.000000000000000
0.368892651425451  0.000001671778100  0.000000000000000  1.000000000000000  0.000000000000000
0.368892651425451  0.000001671778100  0.000000000000000  0.000000000000000  1.000000000000000
0.369518024142992  0.000001686345238  1.000000000000000  0.000000000000000  0.000000000000000
0.369518024142992  0.000001686345238  0.000000000000000  1.000000000000000  0.000000000000000
0.369518024142992  0.000001686345238  0.000000000000000  0.000000000000000  1.000000000000000
0.370143396860533  0.000001700892505  1.000000000000000  0.000000000000000  0.000000000000000
0.370143396860533  0.000001700892505  0.000000000000000  1.000000000000000  0.000000000000000
0.370143396860533  0.000001700892505  0.000000000000000  0.000000000000000  1.000000000000000
0.370768769578075  0.000001715418931  1.000000000000000  0.000000000000000  0.000000000000000
0.370768769578075  0.000001715418931  0.000000000000000  1.000000000000000  0.000000000000000
0.370768769578075  0.000001715418931  0.000000000000000  0.000000000000000  1.000000000000000
0.371394142295616  0.000001729923605  1.000000000000000  0.000000000000000  0.000000000000000
0.371394142295616  0.000001729923605  0.000000000000000  1.000000000000000  0.000000000000000
0.371394142295616  0.000001729923605  0.000000000000000  0.000000000000000  1.000000000000000
0.372019515013157  0.000001744405672  1.000000000000000  0.000000000000000  0.000000000000000
0.372019515013157  0.000001744405672  0.000000000000000  1.000000000000000  0.000000000000000
0.372019515013157  0.000001744405672  0.000000000000000  0.000000000000000  1.000000000000000
0.372644887730699  0.000001758864333  1.000000000000000  0.000000000000000  0.000000000000000
0.372644887730699  0.000001758864333  0.000000000000000  1.000000000000000  0.000000000000000
0.372644887730699  0.000001758864333  0.000000000000000  0.000000000000000  1.000000000000000
0.373270260448240  0.000001773298842  1.000000000000000  0.000000000000000  0.000000000000000
0.373270260448240  0.000001773298842  0.000000000000000  1.000000000000000  0.000000000000000
0.373270260448240  0.000001773298842  0.000000000000000  0.000000000000000  1.000000000000000
0.373895633165781  0.000001787708500  1.000000000000000  0.000000000000000  0.000000000000000
0.373895633165781  0.000001787708500  0.000000000000000  1.000000000000000  0.000000000000000
0.373895633165781  0.000001787708500  0.000000000000000  0.000000000000000  1.000000000000000
0.374521005883323  0.000001802092653  1.000000000000000  0.000000000000000  0.000000000000000
0.374521005883323  0.000001802092653  0.000000000000000  1.000000000000000  0.000000000000000
0.374521005883323  0.000001802092653  0.000000000000000  0.000000000000000  1.000000000000000
0.375146378600864  0.000001816450694  1.000000000000000  0.000000000000000  0.000000000000000
0.375146378600864  0.000001816450694  0.000000000000000  1.000000000000000  0.000000000000000
0.375146378600864  0.000001816450694  0.000000000000000  0.000000000000000  1.000000000000000
0.375771751318405  0.000001830782054  1.000000000000000  0.000000000000000  0.000000000000000
0.375771751318405  0.000001830782054  0.000000000000000  1.000000000000000  0.000000000000000
0.375771751318405  0.000001830782054  0.000000000000000  0.000000000000000  1.000000000000000
0.376397124035947  0.000001845086206  1.000000000000000  0.000000000000000  0.000000000000000
0.376397124035947  0.000001845086206  0.000000000000000  1.000000000000000  0.000000000000000
0.376397124035947  0.000001845086206  0.000000000000000  0.000000000000000  1.000000000000000
0.377022496753488  0.000001859362658  1.000000000000000  0.000000000000000  0.000000000000000
0.377022496753488  0.000001859362658  0.000000000000000  1.000000000000000  0.000000000000000
0.377022496753488  0.000001859362658  0.000000000000000  0.000000000000000  1.000000000000000
0.377647869471029  0.000001873610955  1.000000000000000  0.000000000000000  0.000000000000000
0.377647869471029  0.000001873610955  0.000000000000000  1.000000000000000  0.000000000000000
0.377647869471029  0.000001873610955  0.000000000000000  0.000000000000000  1.000000000000000
0.378273242188571  0.000001887830674  1.000000000000000  0.000000000000000  0.000000000000000
0.378273242188571  0.000001887830674  0.000000000000000  1.000000000000000  0.000000000000000
0.378273242188571  0.000001887830674  0.000000000000000  0.000000000000000  1.000000000000000
0.378898614906112  0.000001902021424  1.000000000000000  0.000000000000000  0.000000000000000
0.378898614906112  0.000001902021424  0.000000000000000  1.000000000000000  0.000000000000000
0.378898614906112  0.000001902021424  0.000000000000000  0.000000000000000  1.000000000000000
0.379523987623653  0.000001916182843  1.000000000000000  0.000000000000000  0.000000000000000
0.379523987623653  0.000001916182843  0.000000000000000  1.000000000000000  0.000000000000000
0.379523987623653  0.000001916182843  0.000000000000000  0.000000000000000  1.000000000000000
0.380149360341195  0.000001930314600  1.000000000000000  0.000000000000000  0.000000000000000
0.380149360341195  0.000001930314600  0.000000000000000  1.000000000000000  0.000000000000000
0.380149360341195  0.000001930314600  0.000000000000000  0.000000000000000  1.000000000000000
0.380774733058736  0.000001944416387  1.000000000000000  0.000000000000000  0.000000000000000
0.380774733058736  0.000001944416387  0.000000000000000  1.000000000000000  0.000000000000000
0.380774733058736  0.000001944416387  0.000000000000000  0.000000000000000  1.000000000000000
0.381400105776277  0.000001958487925  1.000000000000000  0.000000000000000  0.000000000000000
0.381400105776277  0.000001958487925  0.000000000000000  1.000000000000000  0.000000000000000
0.381400105776277  0.000001958487925  0.000000000000000  0.000000000000000  1.000000000000000
0.382025478493819  0.000001972528956  1.000000000000000  0.000000000000000  0.000000000000000
0.382025478493819  0.000001972528956  0.000000000000000  1.000000000000000  0.000000000000000
0.382025478493819  0.000001972528956  0.000000000000000  0.000000000000000  1.000000000000000
0.382650851211360  0.000001986539247  1.000000000000000  0.000000000000000  0.000000000000000
0.382650851211360  0.000001986539247  0.000000000000000  1.000000000000000  0.000000000000000
0.382650851211360  0.000001986539247  0.000000000000000  0.000000000000000  1.000000000000000
0.383276223928901  0.000002000518586  1.000000000000000  0.000000000000000  0.000000000000000
0.383276223928901  0.000002000518586  0.000000000000000  1.000000000000000  0.000000000000000
0.383276223928901  0.000002000518586  0.000000000000000  0.000000000000000  1.000000000000000
0.383901596646443  0.000002014466781  1.000000000000000  0.000000000000000  0.000000000000000
0.383901596646443  0.000002014466781  0.000000000000000  1.000000000000000  0.000000000000000
0.383901596646443  0.000002014466781  0.000000000000000  0.000000000000000  1.000000000000000
0.384526969363984  0.000002028383659  1.000000000000000  0.000000000000000  0.000000000000000
0.384526969363984  0.000002028383659  0.000000000000000  1.000000000000000  0.000000000000000
0.384526969363984  0.000002028383659  0.000000000000000  0.000000000000000  1.000000000000000
0.385152342081525  0.000002042269066  1.000000000000000  0.000000000000000  0.000000000000000
0.385152342081525  0.000002042269066  0.000000000000000  1.000000000000000  0.000000000000000
0.385152342081525  0.000002042269066  0.000000000000000  0.000000000000000  1.000000000000000
0.385777714799066  0.000002056122867  1.000000000000000  0.000000000000000  0.000000000000000
0.385777714799066  0.000002056122867  0.000000000000000  1.000000000000000  0.000000000000000
0.385777714799066  0.000002056122867  0.000000000000000  0.000000000000000  1.000000000000000
0.386403087516608  0.000002069944941  1.000000000000000  0.000000000000000  0.000000000000000
0.386403087516608  0.000002069944941  0.000000000000000  1.000000000000000  0.000000000000000
0.386403087516608  0.000002069944941  0.000000000000000  0.000000000000000  1.000000000000000
0.387028460234149  0.000002083735182  1.000000000000000  0.000000000000000  0.000000000000000
0.387028460234149  0.000002083735182  0.000000000000000  1.000000000000000  0.000000000000000
0.387028460234149  0.000002083735182  0.000000000000000  0.000000000000000  1.000000000000000
0.387653832951690  0.000002097493503  1.000000000000000  0.000000000000000  0.000000000000000
0.387653832951690  0.000002097493503  0.000000000000000  1.000000000000000  0.000000000000000
0.387653832951690  0.000002097493503  0.000000000000000  0.000000000000000  1.000000000000000
0.388279205669232  0.000002111219826  1.000000000000000  0.000000000000000  0.000000000000000
0.388279205669232  0.000002111219826  0.000000000000000  1.000000000000000  0.000000000000000
0.388279205669232  0.000002111219826  0.000000000000000  0.000000000000000  1.000000000000000
0.388904578386773  0.000002124914090  1.000000000000000  0.000000000000000  0.000000000000000
0.388904578386773  0.000002124914090  0.000000000000000  1.000000000000000  0.000000000000000
0.388904578386773  0.000002124914090  0.000000000000000  0.000000000000000  1.000000000000000
0.389529951104314  0.000002138576244  1.000000000000000  0.000000000000000  0.000000000000000
0.389529951104314  0.000002138576244  0.000000000000000  1.000000000000000  0.000000000000000
0.389529951104314  0.000002138576244  0.000000000000000  0.000000000000000  1.000000000000000
0.390155323821856  0.000002152206251  1.000000000000000  0.000000000000000  0.000000000000000
0.390155323821856  0.000002152206251  0.000000000000000  1.000000000000000  0.000000000000000
0.390155323821856  0.000002152206251  0.000000000000000  0.000000000000000  1.000000000000000
0.390780696539397  0.000002165804083  1.000000000000000  0.000000000000000  0.000000000000000
0.390780696539397  0.000002165804083  0.000000000000000  1.000000000000000  0.000000000000000
0.390780696539397  0.000002165804083  0.000000000000000  0.000000000000000  1.000000000000000
0.391406069256938  0.000002179369725  1.000000000000000  0.000000000000000  0.000000000000000
0.391406069256938  0.000002179369725  0.000000000000000  1.000000000000000  0.000000000000000
0.391406069256938  0.000002179369725  0.000000000000000  0.000000000000000  1.000000000000000
0.392031441974480  0.000002192903170  1.000000000000000  0.000000000000000  0.000000000000000
0.392031441974480  0.000002192903170  0.000000000000000  1.000000000000000  0.000000000000000
0.392031441974480  0.000002192903170  0.000000000000000  0.000000000000000  1.000000000000000
0.392656814692021  0.000002206404423  1.000000000000000  0.000000000000000  0.000000000000000
0.392656814692021  0.000002206404423  0.000000000000000  1.000000000000000  0.000000000000000
0.392656814692021  0.000002206404423  0.000000000000000  0.000000000000000  1.000000000000000
0.393282187409562  0.000002219873494  1.000000000000000  0.000000000000000  0.000000000000000
0.393282187409562  0.000002219873494  0.000000000000000  1.000000000000000  0.000000000000000
0.393282187409562  0.000002219873494  0.000000000000000  0.000000000000000  1.000000000000000
0.393907560127104  0.000002233310407  1.000000000000000  0.000000000000000  0.000000000000000
0.393907560127104  0.000002233310407  0.000000000000000  1.000000000000000  0.000000000000000
0.393907560127104  0.000002233310407  0.000000000000000  0.000000000000000  1.000000000000000
0.394532932844645  0.000002246715188  1.000000000000000  0.000000000000000  0.000000000000000
0.394532932844645  0.000002246715188  0.000000000000000  1.000000000000000  0.000000000000000
0.394532932844645  0.000002246715188  0.000000000000000  0.000000000000000  1.000000000000000
0.395158305562186  0.000002260087876  1.000000000000000  0.000000000000000  0.000000000000000
0.395158305562186  0.000002260087876  0.000000000000000  1.000000000000000  0.000000000000000
0.395158305562186  0.000002260087876  0.000000000000000  0.000000000000000  1.000000000000000
0.395783678279728  0.000002273428515  1.000000000000000  0.000000000000000  0.000000000000000
0.395783678279728  0.000002273428515  0.000000000000000  1.000000000000000  0.000000000000000
0.395783678279728  0.000002273428515  0.000000000000000  0.000000000000000  1.000000000000000
0.396409050997269  0.000002286737153  1.000000000000000  0.000000000000000  0.000000000000000
0.396409050997269  0.000002286737153  0.000000000000000  1.000000000000000  0.000000000000000
0.396409050997269  0.000002286737153  0.000000000000000  0.000000000000000  1.000000000000000
0.397034423714810  0.000002300013850  1.000000000000000  0.000000000000000  0.000000000000000
0.397034423714810  0.000002300013850  0.000000000000000  1.000000000000000  0.000000000000000
0.397034423714810  0.000002300013850  0.000000000000000  0.000000000000000  1.000000000000000
0.397659796432352  0.000002313258668  1.000000000000000  0.000000000000000  0.000000000000000
0.397659796432352  0.000002313258668  0.000000000000000  1.000000000000000  0.000000000000000
0.397659796432352  0.000002313258668  0.000000000000000  0.000000000000000  1.000000000000000
0.398285169149893  0.000002326471676  1.000000000000000  0.000000000000000  0.000000000000000
0.398285169149893  0.000002326471676  0.000000000000000  1.000000000000000  0.000000000000000
0.398285169149893  0.000002326471676  0.000000000000000  0.000000000000000  1.000000000000000
0.398910541867434  0.000002339652947  1.000000000000000  0.000000000000000  0.000000000000000
0.398910541867434  0.000002339652947  0.000000000000000  1.000000000000000  0.000000000000000
0.398910541867434  0.000002339652947  0.000000000000000  0.000000000000000  1.000000000000000
0.399535914584976  0.000002352802563  1.000000000000000  0.000000000000000  0.000000000000000
0.399535914584976  0.000002352802563  0.000000000000000  1.000000000000000  0.000000000000000
0.399535914584976  0.000002352802563  0.000000000000000  0.000000000000000  1.000000000000000
0.400161287302517  0.000002365920606  1.000000000000000  0.000000000000000  0.000000000000000
0.400161287302517  0.000002365920606  0.000000000000000  1.000000000000000  0.000000000000000
0.400161287302517  0.000002365920606  0.000000000000000  0.000000000000000  1.000000000000000
0.400786660020058  0.000002379007165  1.000000000000000  0.000000000000000  0.000000000000000
0.400786660020058  0.000002379007165  0.000000000000000  1.000000000000000  0.000000000000000
0.400786660020058  0.000002379007165  0.000000000000000  0.000000000000000  1.000000000000000
0.401412032737600  0.000002392062333  1.000000000000000  0.000000000000000  0.000000000000000
0.401412032737600  0.000002392062333  0.000000000000000  1.000000000000000  0.000000000000000
0.401412032737600  0.000002392062333  0.000000000000000  0.000000000000000  1.000000000000000
0.402037405455141  0.000002405086207  1.000000000000000  0.000000000000000  0.000000000000000
0.402037405455141  0.000002405086207  0.000000000000000  1.000000000000000  0.000000000000000
0.402037405455141  0.000002405086207  0.000000000000000  0.000000000000000  1.000000000000000
0.402662778172682  0.000002418078888  1.000000000000000  0.000000000000000  0.000000000000000
0.402662778172682  0.000002418078888  0.000000000000000  1.000000000000000  0.000000000000000
0.402662778172682  0.000002418078888  0.000000000000000  0.000000000000000  1.000000000000000
0.403288150890224  0.000002431040479  1.000000000000000  0.000000000000000  0.000000000000000
0.403288150890224  0.000002431040479  0.000000000000000  1.000000000000000  0.000000000000000
0.403288150890224  0.000002431040479  0.000000000000000  0.000000000000000  1.000000000000000
0.403913523607765  0.000002443971088  1.000000000000000  0.000000000000000  0.000000000000000
0.403913523607765  0.000002443971088  0.000000000000000  1.000000000000000  0.000000000000000
0.403913523607765  0.000002443971088  0.000000000000000  0.000000000000000  1.000000000000000
0.404538896325306  0.000002456870826  1.000000000000000  0.000000000000000  0.000000000000000
0.404538896325306  0.000002456870826  0.000000000000000  1.000000000000000  0.000000000000000
0.404538896325306  0.000002456870826  0.000000000000000  0.000000000000000  1.000000000000000
0.405164269042848  0.000002469739805  1.000000000000000  0.000000000000000  0.000000000000000
0.405164269042848  0.000002469739805  0.000000000000000  1.000000000000000  0.000000000000000
0.405164269042848  0.000002469739805  0.000000000000000  0.000000000000000  1.000000000000000
0.405789641760389  0.000002482578142  1.000000000000000  0.000000000000000  0.000000000000000
0.405789641760389  0.000002482578142  0.000000000000000  1.000000000000000  0.000000000000000
0.405789641760389  0.000002482578142  0.000000000000000  0.000000000000000  1.000000000000000
0.406415014477930  0.000002495385955  1.000000000000000  0.000000000000000  0.000000000000000
0.406415014477930  0.000002495385955  0.000000000000000  1.000000000000000  0.000000000000000
0.406415014477930  0.000002495385955  0.000000000000000  0.000000000000000  1.000000000000000
0.407040387195472  0.000002508163365  1.000000000000000  0.000000000000000  0.000000000000000
0.407040387195472  0.000002508163365  0.000000000000000  1.000000000000000  0.000000000000000
0.407040387195472  0.000002508163365  0.000000000000000  0.000000000000000  1.000000000000000
0.407665759913013  0.000002520910496  1.000000000000000  0.000000000000000  0.000000000000000
0.407665759913013  0.000002520910496  0.000000000000000  1.000000000000000  0.000000000000000
0.407665759913013  0.000002520910496  0.000000000000000  0.000000000000000  1.000000000000000
0.408291132630554  0.000002533627473  1.000000000000000  0.000000000000000  0.000000000000000
0.408291132630554  0.000002533627473  0.000000000000000  1.000000000000000  0.000000000000000
0.408291132630554  0.000002533627473  0.000000000000000  0.000000000000000  1.000000000000000
0.408916505348096  0.000002546314421  1.000000000000000  0.000000000000000  0.000000000000000
0.408916505348096  0.000002546314421  0.000000000000000  1.000000000000000  0.000000000000000
0.408916505348096  0.000002546314421  0.000000000000000  0.000000000000000  1.000000000000000
0.409541878065637  0.000002558971471  1.000000000000000  0.000000000000000  0.000000000000000
0.409541878065637  0.000002558971471  0.000000000000000  1.000000000000000  0.000000000000000
0.409541878065637  0.000002558971471  0.000000000000000  0.000000000000000  1.000000000000000
0.410167250783178  0.000002571598753  1.000000000000000  0.000000000000000  0.000000000000000
0.410167250783178  0.000002571598753  0.000000000000000  1.000000000000000  0.000000000000000
0.410167250783178  0.000002571598753  0.000000000000000  0.000000000000000  1.000000000000000
0.410792623500720  0.000002584196398  1.000000000000000  0.000000000000000  0.000000000000000
0.410792623500720  0.000002584196398  0.000000000000000  1.000000000000000  0.000000000000000
0.410792623500720  0.000002584196398  0.000000000000000  0.000000000000000  1.000000000000000
0.411417996218261  0.000002596764539  1.000000000000000  0.000000000000000  0.000000000000000
0.411417996218261  0.000002596764539  0.000000000000000  1.000000000000000  0.000000000000000
0.411417996218261  0.000002596764539  0.000000000000000  0.000000000000000  1.000000000000000
0.412043368935802  0.000002609303312  1.000000000000000  0.000000000000000  0.000000000000000
0.412043368935802  0.000002609303312  0.000000000000000  1.000000000000000  0.000000000000000
0.412043368935802  0.000002609303312  0.000000000000000  0.000000000000000  1.000000000000000
0.412668741653343  0.000002621812851  1.000000000000000  0.000000000000000  0.000000000000000
0.412668741653343  0.000002621812851  0.000000000000000  1.000000000000000  0.000000000000000
0.412668741653343  0.000002621812851  0.000000000000000  0.000000000000000  1.000000000000000
0.413294114370885  0.000002634293294  1.000000000000000  0.000000000000000  0.000000000000000
0.413294114370885  0.000002634293294  0.000000000000000  1.000000000000000  0.000000000000000
0.413294114370885  0.000002634293294  0.000000000000000  0.000000000000000  1.000000000000000
0.413919487088426  0.000002646744778  1.000000000000000  0.000000000000000  0.000000000000000
0.413919487088426  0.000002646744778  0.000000000000000  1.000000000000000  0.000000000000000
0.413919487088426  0.000002646744778  0.000000000000000  0.000000000000000  1.000000000000000
0.414544859805968  0.000002659167441  1.000000000000000  0.000000000000000  0.000000000000000
0.414544859805968  0.000002659167441  0.000000000000000  1.000000000000000  0.000000000000000
0.414544859805968  0.000002659167441  0.000000000000000  0.000000000000000  1.000000000000000
0.415170232523509  0.000002671561423  1.000000000000000  0.000000000000000  0.000000000000000
0.415170232523509  0.000002671561423  0.000000000000000  1.000000000000000  0.000000000000000
0.415170232523509  0.000002671561423  0.000000000000000  0.000000000000000  1.000000000000000
0.415795605241050  0.000002683926863  1.000000000000000  0.000000000000000  0.000000000000000
0.415795605241050  0.000002683926863  0.000000000000000  1.000000000000000  0.000000000000000
0.415795605241050  0.000002683926863  0.000000000000000  0.000000000000000  1.000000000000000
0.416420977958592  0.000002696263903  1.000000000000000  0.000000000000000  0.000000000000000
0.416420977958592  0.000002696263903  0.000000000000000  1.000000000000000  0.000000000000000
0.416420977958592  0.000002696263903  0.000000000000000  0.000000000000000  1.000000000000000
0.417046350676133  0.000002708572682  1.000000000000000  0.000000000000000  0.000000000000000
0.417046350676133  0.000002708572682  0.000000000000000  1.000000000000000  0.000000000000000
0.417046350676133  0.000002708572682  0.000000000000000  0.000000000000000  1.000000000000000
0.417671723393674  0.000002720853343  1.000000000000000  0.000000000000000  0.000000000000000
0.417671723393674  0.000002720853343  0.000000000000000  1.000000000000000  0.000000000000000
0.417671723393674  0.000002720853343  0.000000000000000  0.000000000000000  1.000000000000000
0.418297096111215  0.000002733106027  1.000000000000000  0.000000000000000  0.000000000000000
0.418297096111215  0.000002733106027  0.000000000000000  1.000000000000000  0.000000000000000
0.418297096111215  0.000002733106027  0.000000000000000  0.000000000000000  1.000000000000000
0.418922468828757  0.000002745330876  1.000000000000000  0.000000000000000  0.000000000000000
0.418922468828757  0.000002745330876  0.000000000000000  1.000000000000000  0.000000000000000
0.418922468828757  0.000002745330876  0.000000000000000  0.000000000000000  1.000000000000000
0.419547841546298  0.000002757528032  1.000000000000000  0.000000000000000  0.000000000000000
0.419547841546298  0.000002757528032  0.000000000000000  1.000000000000000  0.000000000000000
0.419547841546298  0.000002757528032  0.000000000000000  0.000000000000000  1.000000000000000
0.420173214263839  0.000002769697640  1.000000000000000  0.000000000000000  0.000000000000000
0.420173214263839  0.000002769697640  0.000000000000000  1.000000000000000  0.000000000000000
0.420173214263839  0.000002769697640  0.000000000000000  0.000000000000000  1.000000000000000
0.420798586981381  0.000002781839839  1.000000000000000  0.000000000000000  0.000000000000000
0.420798586981381  0.000002781839839  0.000000000000000  1.000000000000000  0.000000000000000
0.420798586981381  0.000002781839839  0.000000000000000  0.000000000000000  1.000000000000000
0.421423959698922  0.000002793954775  1.000000000000000  0.000000000000000  0.000000000000000
0.421423959698922  0.000002793954775  0.000000000000000  1.000000000000000  0.000000000000000
0.421423959698922  0.000002793954775  0.000000000000000  0.000000000000000  1.000000000000000
0.422049332416463  0.000002806042589  1.000000000000000  0.000000000000000  0.000000000000000
0.422049332416463  0.000002806042589  0.000000000000000  1.000000000000000  0.000000000000000
0.422049332416463  0.000002806042589  0.000000000000000  0.000000000000000  1.000000000000000
0.422674705134005  0.000002818103424  1.000000000000000  0.000000000000000  0.000000000000000
0.422674705134005  0.000002818103424  0.000000000000000  1.000000000000000  0.000000000000000
0.422674705134005  0.000002818103424  0.000000000000000  0.000000000000000  1.000000000000000
0.423300077851546  0.000002830137423  1.000000000000000  0.000000000000000  0.000000000000000
0.423300077851546  0.000002830137423  0.000000000000000  1.000000000000000  0.000000000000000
0.423300077851546  0.000002830137423  0.000000000000000  0.000000000000000  1.000000000000000
0.423925450569087  0.000002842144728  1.000000000000000  0.000000000000000  0.000000000000000
0.423925450569087  0.000002842144728  0.000000000000000  1.000000000000000  0.000000000000000
0.423925450569087  0.000002842144728  0.000000000000000  0.000000000000000  1.000000000000000
0.424550823286629  0.000002854125482  1.000000000000000  0.000000000000000  0.000000000000000
0.424550823286629  0.000002854125482  0.000000000000000  1.000000000000000  0.000000000000000
0.424550823286629  0.000002854125482  0.000000000000000  0.000000000000000  1.000000000000000
0.425176196004170  0.000002866079828  1.000000000000000  0.000000000000000  0.000000000000000
0.425176196004170  0.000002866079828  0.000000000000000  1.000000000000000  0.000000000000000
0.425176196004170  0.000002866079828  0.000000000000000  0.000000000000000  1.000000000000000
0.425801568721711  0.000002878007906  1.000000000000000  0.000000000000000  0.000000000000000
0.425801568721711  0.000002878007906  0.000000000000000  1.000000000000000  0.000000000000000
0.425801568721711  0.000002878007906  0.000000000000000  0.000000000000000  1.000000000000000
0.426426941439253  0.000002889909860  1.000000000000000  0.000000000000000  0.000000000000000
0.426426941439253  0.000002889909860  0.000000000000000  1.000000000000000  0.000000000000000
0.426426941439253  0.000002889909860  0.000000000000000  0.000000000000000  1.000000000000000
0.427052314156794  0.000002901785829  1.000000000000000  0.000000000000000  0.000000000000000
0.427052314156794  0.000002901785829  0.000000000000000  1.000000000000000  0.000000000000000
0.427052314156794  0.000002901785829  0.000000000000000  0.000000000000000  1.000000000000000
0.427677686874335  0.000002913635956  1.000000000000000  0.000000000000000  0.000000000000000
0.427677686874335  0.000002913635956  0.000000000000000  1.000000000000000  0.000000000000000
0.427677686874335  0.000002913635956  0.000000000000000  0.000000000000000  1.000000000000000
0.428303059591877  0.000002925460381  1.000000000000000  0.000000000000000  0.000000000000000
0.428303059591877  0.000002925460381  0.000000000000000  1.000000000000000  0.000000000000000
0.428303059591877  0.000002925460381  0.000000000000000  0.000000000000000  1.000000000000000
0.428928432309418  0.000002937259245  1.000000000000000  0.000000000000000  0.000000000000000
0.428928432309418  0.000002937259245  0.000000000000000  1.000000000000000  0.000000000000000
0.428928432309418  0.000002937259245  0.000000000000000  0.000000000000000  1.000000000000000
0.429553805026959  0.000002949032687  1.000000000000000  0.000000000000000  0.000000000000000
0.429553805026959  0.000002949032687  0.000000000000000  1.000000000000000  0.000000000000000
0.429553805026959  0.000002949032687  0.000000000000000  0.000000000000000  1.000000000000000
0.430179177744501  0.000002960780848  1.000000000000000  0.000000000000000  0.000000000000000
0.430179177744501  0.000002960780848  0.000000000000000  1.000000000000000  0.000000000000000
0.430179177744501  0.000002960780848  0.000000000000000  0.000000000000000  1.000000000000000
0.430804550462042  0.000002972503865  1.000000000000000  0.000000000000000  0.000000000000000
0.430804550462042  0.000002972503865  0.000000000000000  1.000000000000000  0.000000000000000
0.430804550462042  0.000002972503865  0.000000000000000  0.000000000000000  1.000000000000000
0.431429923179583  0.000002984201878  1.000000000000000  0.000000000000000  0.000000000000000
0.431429923179583  0.000002984201878  0.000000000000000  1.000000000000000  0.000000000000000
0.431429923179583  0.000002984201878  0.000000000000000  0.000000000000000  1.000000000000000
0.432055295897125  0.000002995875026  1.000000000000000  0.000000000000000  0.000000000000000
0.432055295897125  0.000002995875026  0.000000000000000  1.000000000000000  0.000000000000000
0.432055295897125  0.000002995875026  0.000000000000000  0.000000000000000  1.000000000000000
0.432680668614666  0.000003007523444  1.000000000000000  0.000000000000000  0.000000000000000
0.432680668614666  0.000003007523444  0.000000000000000  1.000000000000000  0.000000000000000
0.432680668614666  0.000003007523444  0.000000000000000  0.000000000000000  1.000000000000000
0.433306041332207  0.000003019147271  1.000000000000000  0.000000000000000  0.000000000000000
0.433306041332207  0.000003019147271  0.000000000000000  1.000000000000000  0.000000000000000
0.433306041332207  0.000003019147271  0.000000000000000  0.000000000000000  1.000000000000000
0.433931414049749  0.000003030746643  1.000000000000000  0.000000000000000  0.000000000000000
0.433931414049749  0.000003030746643  0.000000000000000  1.000000000000000  0.000000000000000
0.433931414049749  0.000003030746643  0.000000000000000  0.000000000000000  1.000000000000000
0.434556786767290  0.000003042321695  1.000000000000000  0.000000000000000  0.000000000000000
0.434556786767290  0.000003042321695  0.000000000000000  1.000000000000000  0.000000000000000
0.434556786767290  0.000003042321695  0.000000000000000  0.000000000000000  1.000000000000000
0.435182159484831  0.000003053872564  1.000000000000000  0.000000000000000  0.000000000000000
0.435182159484831  0.000003053872564  0.000000000000000  1.000000000000000  0.000000000000000
0.435182159484831  0.000003053872564  0.000000000000000  0.000000000000000  1.000000000000000
0.435807532202373  0.000003065399383  1.000000000000000  0.000000000000000  0.000000000000000
0.435807532202373  0.000003065399383  0.000000000000000  1.000000000000000  0.000000000000000
0.435807532202373  0.000003065399383  0.000000000000000  0.000000000000000  1.000000000000000
0.436432904919914  0.000003076902287  1.000000000000000  0.000000000000000  0.000000000000000
0.436432904919914  0.000003076902287  0.000000000000000  1.000000000000000  0.000000000000000
0.436432904919914  0.000003076902287  0.000000000000000  0.000000000000000  1.000000000000000
0.437058277637455  0.000003088381410  1.000000000000000  0.000000000000000  0.000000000000000
0.437058277637455  0.000003088381410  0.000000000000000  1.000000000000000  0.000000000000000
0.437058277637455  0.000003088381410  0.000000000000000  0.000000000000000  1.000000000000000
0.437683650354997  0.000003099836883  1.000000000000000  0.000000000000000  0.000000000000000
0.437683650354997  0.000003099836883  0.000000000000000  1.000000000000000  0.000000000000000
0.437683650354997  0.000003099836883  0.000000000000000  0.000000000000000  1.000000000000000
0.438309023072538  0.000003111268840  1.000000000000000  0.000000000000000  0.000000000000000
0.438309023072538  0.000003111268840  0.000000000000000  1.000000000000000  0.000000000000000
0.438309023072538  0.000003111268840  0.000000000000000  0.000000000000000  1.000000000000000
0.438934395790079  0.000003122677412  1.000000000000000  0.000000000000000  0.000000000000000
0.438934395790079  0.000003122677412  0.000000000000000  1.000000000000000  0.000000000000000
0.438934395790079  0.000003122677412  0.000000000000000  0.000000000000000  1.000000000000000
0.439559768507621  0.000003134062729  1.000000000000000  0.000000000000000  0.000000000000000
0.439559768507621  0.000003134062729  0.000000000000000  1.000000000000000  0.000000000000000
0.439559768507621  0.000003134062729  0.000000000000000  0.000000000000000  1.000000000000000
0.440185141225162  0.000003145424922  1.000000000000000  0.000000000000000  0.000000000000000
0.440185141225162  0.000003145424922  0.000000000000000  1.000000000000000  0.000000000000000
0.440185141225162  0.000003145424922  0.000000000000000  0.000000000000000  1.000000000000000
0.440810513942703  0.000003156764119  1.000000000000000  0.000000000000000  0.000000000000000
0.440810513942703  0.000003156764119  0.000000000000000  1.000000000000000  0.000000000000000
0.440810513942703  0.000003156764119  0.000000000000000  0.000000000000000  1.000000000000000
0.441435886660245  0.000003168080451  1.000000000000000  0.000000000000000  0.000000000000000
0.441435886660245  0.000003168080451  0.000000000000000  1.000000000000000  0.000000000000000
0.441435886660245  0.000003168080451  0.000000000000000  0.000000000000000  1.000000000000000
0.442061259377786  0.000003179374045  1.000000000000000  0.000000000000000  0.000000000000000
0.442061259377786  0.000003179374045  0.000000000000000  1.000000000000000  0.000000000000000
0.442061259377786  0.000003179374045  0.000000000000000  0.000000000000000  1.000000000000000
0.442686632095327  0.000003190645028  1.000000000000000  0.000000000000000  0.000000000000000
0.442686632095327  0.000003190645028  0.000000000000000  1.000000000000000  0.000000000000000
0.442686632095327  0.000003190645028  0.000000000000000  0.000000000000000  1.000000000000000
0.443312004812868  0.000003201893527  1.000000000000000  0.000000000000000  0.000000000000000
0.443312004812868  0.000003201893527  0.000000000000000  1.000000000000000  0.000000000000000
0.443312004812868  0.000003201893527  0.000000000000000  0.000000000000000  1.000000000000000
0.443937377530410  0.000003213119668  1.000000000000000  0.000000000000000  0.000000000000000
0.443937377530410  0.000003213119668  0.000000000000000  1.000000000000000  0.000000000000000
0.443937377530410  0.000003213119668  0.000000000000000  0.000000000000000  1.000000000000000
0.444562750247951  0.000003224323576  1.000000000000000  0.000000000000000  0.000000000000000
0.444562750247951  0.000003224323576  0.000000000000000  1.000000000000000  0.000000000000000
0.444562750247951  0.000003224323576  0.000000000000000  0.000000000000000  1.000000000000000
0.445188122965492  0.000003235505376  1.000000000000000  0.000000000000000  0.000000000000000
0.445188122965492  0.000003235505376  0.000000000000000  1.000000000000000  0.000000000000000
0.445188122965492  0.000003235505376  0.000000000000000  0.000000000000000  1.000000000000000
0.445813495683034  0.000003246665190  1.000000000000000  0.000000000000000  0.000000000000000
0.445813495683034  0.000003246665190  0.000000000000000  1.000000000000000  0.000000000000000
0.445813495683034  0.000003246665190  0.000000000000000  0.000000000000000  1.000000000000000
0.446438868400575  0.000003257803143  1.000000000000000  0.000000000000000  0.000000000000000
0.446438868400575  0.000003257803143  0.000000000000000  1.000000000000000  0.000000000000000
0.446438868400575  0.000003257803143  0.000000000000000  0.000000000000000  1.000000000000000
0.447064241118116  0.000003268919356  1.000000000000000  0.000000000000000  0.000000000000000
0.447064241118116  0.000003268919356  0.000000000000000  1.000000000000000  0.000000000000000
0.447064241118116  0.000003268919356  0.000000000000000  0.000000000000000  1.000000000000000
0.447689613835658  0.000003280013951  1.000000000000000  0.000000000000000  0.000000000000000
0.447689613835658  0.000003280013951  0.000000000000000  1.000000000000000  0.000000000000000
0.447689613835658  0.000003280013951  0.000000000000000  0.000000000000000  1.000000000000000
0.448314986553199  0.000003291087049  1.000000000000000  0.000000000000000  0.000000000000000
0.448314986553199  0.000003291087049  0.000000000000000  1.000000000000000  0.000000000000000
0.448314986553199  0.000003291087049  0.000000000000000  0.000000000000000  1.000000000000000
0.448940359270740  0.000003302138769  1.000000000000000  0.000000000000000  0.000000000000000
0.448940359270740  0.000003302138769  0.000000000000000  1.000000000000000  0.000000000000000
0.448940359270740  0.000003302138769  0.000000000000000  0.000000000000000  1.000000000000000
0.449565731988282  0.000003313169232  1.000000000000000  0.000000000000000  0.000000000000000
0.449565731988282  0.000003313169232  0.000000000000000  1.000000000000000  0.000000000000000
0.449565731988282  0.000003313169232  0.000000000000000  0.000000000000000  1.000000000000000
0.450191104705823  0.000003324178555  1.000000000000000  0.000000000000000  0.000000000000000
0.450191104705823  0.000003324178555  0.000000000000000  1.000000000000000  0.000000000000000
0.450191104705823  0.000003324178555  0.000000000000000  0.000000000000000  1.000000000000000
0.450816477423364  0.000003335166856  1.000000000000000  0.000000000000000  0.000000000000000
0.450816477423364  0.000003335166856  0.000000000000000  1.000000000000000  0.000000000000000
0.450816477423364  0.000003335166856  0.000000000000000  0.000000000000000  1.000000000000000
0.451441850140906  0.000003346134253  1.000000000000000  0.000000000000000  0.000000000000000
0.451441850140906  0.000003346134253  0.000000000000000  1.000000000000000  0.000000000000000
0.451441850140906  0.000003346134253  0.000000000000000  0.000000000000000  1.000000000000000
0.452067222858447  0.000003357080862  1.000000000000000  0.000000000000000  0.000000000000000
0.452067222858447  0.000003357080862  0.000000000000000  1.000000000000000  0.000000000000000
0.452067222858447  0.000003357080862  0.000000000000000  0.000000000000000  1.000000000000000
0.452692595575988  0.000003368006797  1.000000000000000  0.000000000000000  0.000000000000000
0.452692595575988  0.000003368006797  0.000000000000000  1.000000000000000  0.000000000000000
0.452692595575988  0.000003368006797  0.000000000000000  0.000000000000000  1.000000000000000
0.453317968293530  0.000003378912175  1.000000000000000  0.000000000000000  0.000000000000000
0.453317968293530  0.000003378912175  0.000000000000000  1.000000000000000  0.000000000000000
0.453317968293530  0.000003378912175  0.000000000000000  0.000000000000000  1.000000000000000
0.453943341011071  0.000003389797108  1.000000000000000  0.000000000000000  0.000000000000000
0.453943341011071  0.000003389797108  0.000000000000000  1.000000000000000  0.000000000000000
0.453943341011071  0.000003389797108  0.000000000000000  0.000000000000000  1.000000000000000
0.454568713728612  0.000003400661711  1.000000000000000  0.000000000000000  0.000000000000000
0.454568713728612  0.000003400661711  0.000000000000000  1.000000000000000  0.000000000000000
0.454568713728612  0.000003400661711  0.000000000000000  0.000000000000000  1.000000000000000
0.455194086446154  0.000003411506096  1.000000000000000  0.000000000000000  0.000000000000000
0.455194086446154  0.000003411506096  0.000000000000000  1.000000000000000  0.000000000000000
0.455194086446154  0.000003411506096  0.000000000000000  0.000000000000000  1.000000000000000
0.455819459163695  0.000003422330375  1.000000000000000  0.000000000000000  0.000000000000000
0.455819459163695  0.000003422330375  0.000000000000000  1.000000000000000  0.000000000000000
0.455819459163695  0.000003422330375  0.000000000000000  0.000000000000000  1.000000000000000
0.456444831881236  0.000003433134659  1.000000000000000  0.000000000000000  0.000000000000000
0.456444831881236  0.000003433134659  0.000000000000000  1.000000000000000  0.000000000000000
0.456444831881236  0.000003433134659  0.000000000000000  0.000000000000000  1.000000000000000
0.457070204598778  0.000003443919057  1.000000000000000  0.000000000000000  0.000000000000000
0.457070204598778  0.000003443919057  0.000000000000000  1.000000000000000  0.000000000000000
0.457070204598778  0.000003443919057  0.000000000000000  0.000000000000000  1.000000000000000
0.457695577316319  0.000003454683681  1.000000000000000  0.000000000000000  0.000000000000000
0.457695577316319  0.000003454683681  0.000000000000000  1.000000000000000  0.000000000000000
0.457695577316319  0.000003454683681  0.000000000000000  0.000000000000000  1.000000000000000
0.458320950033860  0.000003465428638  1.000000000000000  0.000000000000000  0.000000000000000
0.458320950033860  0.000003465428638  0.000000000000000  1.000000000000000  0.000000000000000
0.458320950033860  0.000003465428638  0.000000000000000  0.000000000000000  1.000000000000000
0.458946322751402  0.000003476154037  1.000000000000000  0.000000000000000  0.000000000000000
0.458946322751402  0.000003476154037  0.000000000000000  1.000000000000000  0.000000000000000
0.458946322751402  0.000003476154037  0.000000000000000  0.000000000000000  1.000000000000000
0.459571695468943  0.000003486859985  1.000000000000000  0.000000000000000  0.000000000000000
0.459571695468943  0.000003486859985  0.000000000000000  1.000000000000000  0.000000000000000
0.459571695468943  0.000003486859985  0.000000000000000  0.000000000000000  1.000000000000000
0.460197068186484  0.000003497546589  1.000000000000000  0.000000000000000  0.000000000000000
0.460197068186484  0.000003497546589  0.000000000000000  1.000000000000000  0.000000000000000
0.460197068186484  0.000003497546589  0.000000000000000  0.000000000000000  1.000000000000000
0.460822440904026  0.000003508213955  1.000000000000000  0.000000000000000  0.000000000000000
0.460822440904026  0.000003508213955  0.000000000000000  1.000000000000000  0.000000000000000
0.460822440904026  0.000003508213955  0.000000000000000  0.000000000000000  1.000000000000000
0.461447813621567  0.000003518862188  1.000000000000000  0.000000000000000  0.000000000000000
0.461447813621567  0.000003518862188  0.000000000000000  1.000000000000000  0.000000000000000
0.461447813621567  0.000003518862188  0.000000000000000  0.000000000000000  1.000000000000000
0.462073186339108  0.000003529491393  1.000000000000000  0.000000000000000  0.000000000000000
0.462073186339108  0.000003529491393  0.000000000000000  1.000000000000000  0.000000000000000
0.462073186339108  0.000003529491393  0.000000000000000  0.000000000000000  1.000000000000000
0.462698559056650  0.000003540101673  1.000000000000000  0.000000000000000  0.000000000000000
0.462698559056650  0.000003540101673  0.000000000000000  1.000000000000000  0.000000000000000
0.462698559056650  0.000003540101673  0.000000000000000  0.000000000000000  1.000000000000000
0.463323931774191  0.000003550693131  1.000000000000000  0.000000000000000  0.000000000000000
0.463323931774191  0.000003550693131  0.000000000000000  1.000000000000000  0.000000000000000
0.463323931774191  0.000003550693131  0.000000000000000  0.000000000000000  1.000000000000000
0.463949304491732  0.000003561265871  1.000000000000000  0.000000000000000  0.000000000000000
0.463949304491732  0.000003561265871  0.000000000000000  1.000000000000000  0.000000000000000
0.463949304491732  0.000003561265871  0.000000000000000  0.000000000000000  1.000000000000000
0.464574677209274  0.000003571819993  1.000000000000000  0.000000000000000  0.000000000000000
0.464574677209274  0.000003571819993  0.000000000000000  1.000000000000000  0.000000000000000
0.464574677209274  0.000003571819993  0.000000000000000  0.000000000000000  1.000000000000000
0.465200049926815  0.000003582355598  1.000000000000000  0.000000000000000  0.000000000000000
0.465200049926815  0.000003582355598  0.000000000000000  1.000000000000000  0.000000000000000
0.465200049926815  0.000003582355598  0.000000000000000  0.000000000000000  1.000000000000000
0.465825422644356  0.000003592872788  1.000000000000000  0.000000000000000  0.000000000000000
0.465825422644356  0.000003592872788  0.000000000000000  1.000000000000000  0.000000000000000
0.465825422644356  0.000003592872788  0.000000000000000  0.000000000000000  1.000000000000000
0.466450795361898  0.000003603371660  1.000000000000000  0.000000000000000  0.000000000000000
0.466450795361898  0.000003603371660  0.000000000000000  1.000000000000000  0.000000000000000
0.466450795361898  0.000003603371660  0.000000000000000  0.000000000000000  1.000000000000000
0.467076168079439  0.000003613852315  1.000000000000000  0.000000000000000  0.000000000000000
0.467076168079439  0.000003613852315  0.000000000000000  1.000000000000000  0.000000000000000
0.467076168079439  0.000003613852315  0.000000000000000  0.000000000000000  1.000000000000000
0.467701540796980  0.000003624314850  1.000000000000000  0.000000000000000  0.000000000000000
0.467701540796980  0.000003624314850  0.000000000000000  1.000000000000000  0.000000000000000
0.467701540796980  0.000003624314850  0.000000000000000  0.000000000000000  1.000000000000000
0.468326913514521  0.000003634759364  1.000000000000000  0.000000000000000  0.000000000000000
0.468326913514521  0.000003634759364  0.000000000000000  1.000000000000000  0.000000000000000
0.468326913514521  0.000003634759364  0.000000000000000  0.000000000000000  1.000000000000000
0.468952286232063  0.000003645185952  1.000000000000000  0.000000000000000  0.000000000000000
0.468952286232063  0.000003645185952  0.000000000000000  1.000000000000000  0.000000000000000
0.468952286232063  0.000003645185952  0.000000000000000  0.000000000000000  1.000000000000000
0.469577658949604  0.000003655594710  1.000000000000000  0.000000000000000  0.000000000000000
0.469577658949604  0.000003655594710  0.000000000000000  1.000000000000000  0.000000000000000
0.469577658949604  0.000003655594710  0.000000000000000  0.000000000000000  1.000000000000000
0.470203031667146  0.000003665985736  1.000000000000000  0.000000000000000  0.000000000000000
0.470203031667146  0.000003665985736  0.000000000000000  1.000000000000000  0.000000000000000
0.470203031667146  0.000003665985736  0.000000000000000  0.000000000000000  1.000000000000000
0.470828404384687  0.000003676359122  1.000000000000000  0.000000000000000  0.000000000000000
0.470828404384687  0.000003676359122  0.000000000000000  1.000000000000000  0.000000000000000
0.470828404384687  0.000003676359122  0.000000000000000  0.000000000000000  1.000000000000000
0.471453777102228  0.000003686714964  1.000000000000000  0.000000000000000  0.000000000000000
0.471453777102228  0.000003686714964  0.000000000000000  1.000000000000000  0.000000000000000
0.471453777102228  0.000003686714964  0.000000000000000  0.000000000000000  1.000000000000000
0.472079149819770  0.000003697053355  1.000000000000000  0.000000000000000  0.000000000000000
0.472079149819770  0.000003697053355  0.000000000000000  1.000000000000000  0.000000000000000
0.472079149819770  0.000003697053355  0.000000000000000  0.000000000000000  1.000000000000000
0.472704522537311  0.000003707374387  1.000000000000000  0.000000000000000  0.000000000000000
0.472704522537311  0.000003707374387  0.000000000000000  1.000000000000000  0.000000000000000
0.472704522537311  0.000003707374387  0.000000000000000  0.000000000000000  1.000000000000000
0.473329895254852  0.000003717678153  1.000000000000000  0.000000000000000  0.000000000000000
0.473329895254852  0.000003717678153  0.000000000000000  1.000000000000000  0.000000000000000
0.473329895254852  0.000003717678153  0.000000000000000  0.000000000000000  1.000000000000000
0.473955267972394  0.000003727964745  1.000000000000000  0.000000000000000  0.000000000000000
0.473955267972394  0.000003727964745  0.000000000000000  1.000000000000000  0.000000000000000
0.473955267972394  0.000003727964745  0.000000000000000  0.000000000000000  1.000000000000000
0.474580640689935  0.000003738234253  1.000000000000000  0.000000000000000  0.000000000000000
0.474580640689935  0.000003738234253  0.000000000000000  1.000000000000000  0.000000000000000
0.474580640689935  0.000003738234253  0.000000000000000  0.000000000000000  1.000000000000000
0.475206013407476  0.000003748486767  1.000000000000000  0.000000000000000  0.000000000000000
0.475206013407476  0.000003748486767  0.000000000000000  1.000000000000000  0.000000000000000
0.475206013407476  0.000003748486767  0.000000000000000  0.000000000000000  1.000000000000000
0.475831386125017  0.000003758722377  1.000000000000000  0.000000000000000  0.000000000000000
0.475831386125017  0.000003758722377  0.000000000000000  1.000000000000000  0.000000000000000
0.475831386125017  0.000003758722377  0.000000000000000  0.000000000000000  1.000000000000000
0.476456758842559  0.000003768941172  1.000000000000000  0.000000000000000  0.000000000000000
0.476456758842559  0.000003768941172  0.000000000000000  1.000000000000000  0.000000000000000
0.476456758842559  0.000003768941172  0.000000000000000  0.000000000000000  1.000000000000000
0.477082131560100  0.000003779143241  1.000000000000000  0.000000000000000  0.000000000000000
0.477082131560100  0.000003779143241  0.000000000000000  1.000000000000000  0.000000000000000
0.477082131560100  0.000003779143241  0.000000000000000  0.000000000000000  1.000000000000000
0.477707504277641  0.000003789328671  1.000000000000000  0.000000000000000  0.000000000000000
0.477707504277641  0.000003789328671  0.000000000000000  1.000000000000000  0.000000000000000
0.477707504277641  0.000003789328671  0.000000000000000  0.000000000000000  1.000000000000000
0.478332876995183  0.000003799497549  1.000000000000000  0.000000000000000  0.000000000000000
0.478332876995183  0.000003799497549  0.000000000000000  1.000000000000000  0.000000000000000
0.478332876995183  0.000003799497549  0.000000000000000  0.000000000000000  1.000000000000000
0.478958249712724  0.000003809649962  1.000000000000000  0.000000000000000  0.000000000000000
0.478958249712724  0.000003809649962  0.000000000000000  1.000000000000000  0.000000000000000
0.478958249712724  0.000003809649962  0.000000000000000  0.000000000000000  1.000000000000000
0.479583622430265  0.000003819785995  1.000000000000000  0.000000000000000  0.000000000000000
0.479583622430265  0.000003819785995  0.000000000000000  1.000000000000000  0.000000000000000
0.479583622430265  0.000003819785995  0.000000000000000  0.000000000000000  1.000000000000000
0.480208995147807  0.000003829905734  1.000000000000000  0.000000000000000  0.000000000000000
0.480208995147807  0.000003829905734  0.000000000000000  1.000000000000000  0.000000000000000
0.480208995147807  0.000003829905734  0.000000000000000  0.000000000000000  1.000000000000000
0.480834367865348  0.000003840009264  1.000000000000000  0.000000000000000  0.000000000000000
0.480834367865348  0.000003840009264  0.000000000000000  1.000000000000000  0.000000000000000
0.480834367865348  0.000003840009264  0.000000000000000  0.000000000000000  1.000000000000000
0.481459740582889  0.000003850096668  1.000000000000000  0.000000000000000  0.000000000000000
0.481459740582889  0.000003850096668  0.000000000000000  1.000000000000000  0.000000000000000
0.481459740582889  0.000003850096668  0.000000000000000  0.000000000000000  1.000000000000000
0.482085113300431  0.000003860168031  1.000000000000000  0.000000000000000  0.000000000000000
0.482085113300431  0.000003860168031  0.000000000000000  1.000000000000000  0.000000000000000
0.482085113300431  0.000003860168031  0.000000000000000  0.000000000000000  1.000000000000000
0.482710486017972  0.000003870223434  1.000000000000000  0.000000000000000  0.000000000000000
0.482710486017972  0.000003870223434  0.000000000000000  1.000000000000000  0.000000000000000
0.482710486017972  0.000003870223434  0.000000000000000  0.000000000000000  1.000000000000000
0.483335858735513  0.000003880262961  1.000000000000000  0.000000000000000  0.000000000000000
0.483335858735513  0.000003880262961  0.000000000000000  1.000000000000000  0.000000000000000
0.483335858735513  0.000003880262961  0.000000000000000  0.000000000000000  1.000000000000000
0.483961231453055  0.000003890286693  1.000000000000000  0.000000000000000  0.000000000000000
0.483961231453055  0.000003890286693  0.000000000000000  1.000000000000000  0.000000000000000
0.483961231453055  0.000003890286693  0.000000000000000  0.000000000000000  1.000000000000000
0.484586604170596  0.000003900294710  1.000000000000000  0.000000000000000  0.000000000000000
0.484586604170596  0.000003900294710  0.000000000000000  1.000000000000000  0.000000000000000
0.484586604170596  0.000003900294710  0.000000000000000  0.000000000000000  1.000000000000000
0.485211976888137  0.000003910287095  1.000000000000000  0.000000000000000  0.000000000000000
0.485211976888137  0.000003910287095  0.000000000000000  1.000000000000000  0.000000000000000
0.485211976888137  0.000003910287095  0.000000000000000  0.000000000000000  1.000000000000000
0.485837349605679  0.000003920263926  1.000000000000000  0.000000000000000  0.000000000000000
0.485837349605679  0.000003920263926  0.000000000000000  1.000000000000000  0.000000000000000
0.485837349605679  0.000003920263926  0.000000000000000  0.000000000000000  1.000000000000000
0.486462722323220  0.000003930225284  1.000000000000000  0.000000000000000  0.000000000000000
0.486462722323220  0.000003930225284  0.000000000000000  1.000000000000000  0.000000000000000
0.486462722323220  0.000003930225284  0.000000000000000  0.000000000000000  1.000000000000000
0.487088095040761  0.000003940171247  1.000000000000000  0.000000000000000  0.000000000000000
0.487088095040761  0.000003940171247  0.000000000000000  1.000000000000000  0.000000000000000
0.487088095040761  0.000003940171247  0.000000000000000  0.000000000000000  1.000000000000000
0.487713467758303  0.000003950101893  1.000000000000000  0.000000000000000  0.000000000000000
0.487713467758303  0.000003950101893  0.000000000000000  1.000000000000000  0.000000000000000
0.487713467758303  0.000003950101893  0.000000000000000  0.000000000000000  1.000000000000000
0.488338840475844  0.000003960017300  1.000000000000000  0.000000000000000  0.000000000000000
0.488338840475844  0.000003960017300  0.000000000000000  1.000000000000000  0.000000000000000
0.488338840475844  0.000003960017300  0.000000000000000  0.000000000000000  1.000000000000000
0.488964213193385  0.000003969917546  1.000000000000000  0.000000000000000  0.000000000000000
0.488964213193385  0.000003969917546  0.000000000000000  1.000000000000000  0.000000000000000
0.488964213193385  0.000003969917546  0.000000000000000  0.000000000000000  1.000000000000000
0.489589585910927  0.000003979802707  1.000000000000000  0.000000000000000  0.000000000000000
0.489589585910927  0.000003979802707  0.000000000000000  1.000000000000000  0.000000000000000
0.489589585910927  0.000003979802707  0.000000000000000  0.000000000000000  1.000000000000000
0.490214958628468  0.000003989672860  1.000000000000000  0.000000000000000  0.000000000000000
0.490214958628468  0.000003989672860  0.000000000000000  1.000000000000000  0.000000000000000
0.490214958628468  0.000003989672860  0.000000000000000  0.000000000000000  1.000000000000000
0.490840331346009  0.000003999528079  1.000000000000000  0.000000000000000  0.000000000000000
0.490840331346009  0.000003999528079  0.000000000000000  1.000000000000000  0.000000000000000
0.490840331346009  0.000003999528079  0.000000000000000  0.000000000000000  1.000000000000000
0.491465704063551  0.000004009368441  1.000000000000000  0.000000000000000  0.000000000000000
0.491465704063551  0.000004009368441  0.000000000000000  1.000000000000000  0.000000000000000
0.491465704063551  0.000004009368441  0.000000000000000  0.000000000000000  1.000000000000000
0.492091076781092  0.000004019194019  1.000000000000000  0.000000000000000  0.000000000000000
0.492091076781092  0.000004019194019  0.000000000000000  1.000000000000000  0.000000000000000
0.492091076781092  0.000004019194019  0.000000000000000  0.000000000000000  1.000000000000000
0.492716449498633  0.000004029004888  1.000000000000000  0.000000000000000  0.000000000000000
0.492716449498633  0.000004029004888  0.000000000000000  1.000000000000000  0.000000000000000
0.492716449498633  0.000004029004888  0.000000000000000  0.000000000000000  1.000000000000000
0.493341822216175  0.000004038801121  1.000000000000000  0.000000000000000  0.000000000000000
0.493341822216175  0.000004038801121  0.000000000000000  1.000000000000000  0.000000000000000
0.493341822216175  0.000004038801121  0.000000000000000  0.000000000000000  1.000000000000000
0.493967194933716  0.000004048582791  1.000000000000000  0.000000000000000  0.000000000000000
0.493967194933716  0.000004048582791  0.000000000000000  1.000000000000000  0.000000000000000
0.493967194933716  0.000004048582791  0.000000000000000  0.000000000000000  1.000000000000000
0.494592567651257  0.000004058349972  1.000000000000000  0.000000000000000  0.000000000000000
0.494592567651257  0.000004058349972  0.000000000000000  1.000000000000000  0.000000000000000
0.494592567651257  0.000004058349972  0.000000000000000  0.000000000000000  1.000000000000000
0.495217940368799  0.000004068102734  1.000000000000000  0.000000000000000  0.000000000000000
0.495217940368799  0.000004068102734  0.000000000000000  1.000000000000000  0.000000000000000
0.495217940368799  0.000004068102734  0.000000000000000  0.000000000000000  1.000000000000000
0.495843313086340  0.000004077841149  1.000000000000000  0.000000000000000  0.000000000000000
0.495843313086340  0.000004077841149  0.000000000000000  1.000000000000000  0.000000000000000
0.495843313086340  0.000004077841149  0.000000000000000  0.000000000000000  1.000000000000000
0.496468685803881  0.000004087565289  1.000000000000000  0.000000000000000  0.000000000000000
0.496468685803881  0.000004087565289  0.000000000000000  1.000000000000000  0.000000000000000
0.496468685803881  0.000004087565289  0.000000000000000  0.000000000000000  1.000000000000000
0.497094058521423  0.000004097275224  1.000000000000000  0.000000000000000  0.000000000000000
0.497094058521423  0.000004097275224  0.000000000000000  1.000000000000000  0.000000000000000
0.497094058521423  0.000004097275224  0.000000000000000  0.000000000000000  1.000000000000000
0.497719431238964  0.000004106971024  1.000000000000000  0.000000000000000  0.000000000000000
0.497719431238964  0.000004106971024  0.000000000000000  1.000000000000000  0.000000000000000
0.497719431238964  0.000004106971024  0.000000000000000  0.000000000000000  1.000000000000000
0.498344803956505  0.000004116652758  1.000000000000000  0.000000000000000  0.000000000000000
0.498344803956505  0.000004116652758  0.000000000000000  1.000000000000000  0.000000000000000
0.498344803956505  0.000004116652758  0.000000000000000  0.000000000000000  1.000000000000000
0.498970176674046  0.000004126320496  1.000000000000000  0.000000000000000  0.000000000000000
0.498970176674046  0.000004126320496  0.000000000000000  1.000000000000000  0.000000000000000
0.498970176674046  0.000004126320496  0.000000000000000  0.000000000000000  1.000000000000000
0.499595549391588  0.000004135974306  1.000000000000000  0.000000000000000  0.000000000000000
0.499595549391588  0.000004135974306  0.000000000000000  1.000000000000000  0.000000000000000
0.499595549391588  0.000004135974306  0.000000000000000  0.000000000000000  1.000000000000000
0.500220922109129  0.000004145614257  1.000000000000000  0.000000000000000  0.000000000000000
0.500220922109129  0.000004145614257  0.000000000000000  1.000000000000000  0.000000000000000
0.500220922109129  0.000004145614257  0.000000000000000  0.000000000000000  1.000000000000000
0.500846294826670  0.000004155240415  1.000000000000000  0.000000000000000  0.000000000000000
0.500846294826670  0.000004155240415  0.000000000000000  1.000000000000000  0.000000000000000
0.500846294826670  0.000004155240415  0.000000000000000  0.000000000000000  1.000000000000000
0.501471667544212  0.000004164852849  1.000000000000000  0.000000000000000  0.000000000000000
0.501471667544212  0.000004164852849  0.000000000000000  1.000000000000000  0.000000000000000
0.501471667544212  0.000004164852849  0.000000000000000  0.000000000000000  1.000000000000000
0.502097040261753  0.000004174451624  1.000000000000000  0.000000000000000  0.000000000000000
0.502097040261753  0.000004174451624  0.000000000000000  1.000000000000000  0.000000000000000
0.502097040261753  0.000004174451624  0.000000000000000  0.000000000000000  1.000000000000000
0.502722412979294  0.000004184036808  1.000000000000000  0.000000000000000  0.000000000000000
0.502722412979294  0.000004184036808  0.000000000000000  1.000000000000000  0.000000000000000
0.502722412979294  0.000004184036808  0.000000000000000  0.000000000000000  1.000000000000000
0.503347785696836  0.000004193608465  1.000000000000000  0.000000000000000  0.000000000000000
0.503347785696836  0.000004193608465  0.000000000000000  1.000000000000000  0.000000000000000
0.503347785696836  0.000004193608465  0.000000000000000  0.000000000000000  1.000000000000000
0.503973158414377  0.000004203166662  1.000000000000000  0.000000000000000  0.000000000000000
0.503973158414377  0.000004203166662  0.000000000000000  1.000000000000000  0.000000000000000
0.503973158414377  0.000004203166662  0.000000000000000  0.000000000000000  1.000000000000000
0.504598531131918  0.000004212711464  1.000000000000000  0.000000000000000  0.000000000000000
0.504598531131918  0.000004212711464  0.000000000000000  1.000000000000000  0.000000000000000
0.504598531131918  0.000004212711464  0.000000000000000  0.000000000000000  1.000000000000000
0.505223903849460  0.000004222242934  1.000000000000000  0.000000000000000  0.000000000000000
0.505223903849460  0.000004222242934  0.000000000000000  1.000000000000000  0.000000000000000
0.505223903849460  0.000004222242934  0.000000000000000  0.000000000000000  1.000000000000000
0.505849276567001  0.000004231761137  1.000000000000000  0.000000000000000  0.000000000000000
0.505849276567001  0.000004231761137  0.000000000000000  1.000000000000000  0.000000000000000
0.505849276567001  0.000004231761137  0.000000000000000  0.000000000000000  1.000000000000000
0.506474649284542  0.000004241266136  1.000000000000000  0.000000000000000  0.000000000000000
0.506474649284542  0.000004241266136  0.000000000000000  1.000000000000000  0.000000000000000
0.506474649284542  0.000004241266136  0.000000000000000  0.000000000000000  1.000000000000000
0.507100022002084  0.000004250757995  1.000000000000000  0.000000000000000  0.000000000000000
0.507100022002084  0.000004250757995  0.000000000000000  1.000000000000000  0.000000000000000
0.507100022002084  0.000004250757995  0.000000000000000  0.000000000000000  1.000000000000000
0.507725394719625  0.000004260236777  1.000000000000000  0.000000000000000  0.000000000000000
0.507725394719625  0.000004260236777  0.000000000000000  1.000000000000000  0.000000000000000
0.507725394719625  0.000004260236777  0.000000000000000  0.000000000000000  1.000000000000000
0.508350767437166  0.000004269702543  1.000000000000000  0.000000000000000  0.000000000000000
0.508350767437166  0.000004269702543  0.000000000000000  1.000000000000000  0.000000000000000
0.508350767437166  0.000004269702543  0.000000000000000  0.000000000000000  1.000000000000000
0.508976140154708  0.000004279155355  1.000000000000000  0.000000000000000  0.000000000000000
0.508976140154708  0.000004279155355  0.000000000000000  1.000000000000000  0.000000000000000
0.508976140154708  0.000004279155355  0.000000000000000  0.000000000000000  1.000000000000000
0.509601512872249  0.000004288595276  1.000000000000000  0.000000000000000  0.000000000000000
0.509601512872249  0.000004288595276  0.000000000000000  1.000000000000000  0.000000000000000
0.509601512872249  0.000004288595276  0.000000000000000  0.000000000000000  1.000000000000000
0.510226885589790  0.000004298022366  1.000000000000000  0.000000000000000  0.000000000000000
0.510226885589790  0.000004298022366  0.000000000000000  1.000000000000000  0.000000000000000
0.510226885589790  0.000004298022366  0.000000000000000  0.000000000000000  1.000000000000000
0.510852258307332  0.000004307436686  1.000000000000000  0.000000000000000  0.000000000000000
0.510852258307332  0.000004307436686  0.000000000000000  1.000000000000000  0.000000000000000
0.510852258307332  0.000004307436686  0.000000000000000  0.000000000000000  1.000000000000000
0.511477631024873  0.000004316838296  1.000000000000000  0.000000000000000  0.000000000000000
0.511477631024873  0.000004316838296  0.000000000000000  1.000000000000000  0.000000000000000
0.511477631024873  0.000004316838296  0.000000000000000  0.000000000000000  1.000000000000000
0.512103003742414  0.000004326227256  1.000000000000000  0.000000000000000  0.000000000000000
0.512103003742414  0.000004326227256  0.000000000000000  1.000000000000000  0.000000000000000
0.512103003742414  0.000004326227256  0.000000000000000  0.000000000000000  1.000000000000000
0.512728376459956  0.000004335603625  1.000000000000000  0.000000000000000  0.000000000000000
0.512728376459956  0.000004335603625  0.000000000000000  1.000000000000000  0.000000000000000
0.512728376459956  0.000004335603625  0.000000000000000  0.000000000000000  1.000000000000000
0.513353749177497  0.000004344967463  1.000000000000000  0.000000000000000  0.000000000000000
0.513353749177497  0.000004344967463  0.000000000000000  1.000000000000000  0.000000000000000
0.513353749177497  0.000004344967463  0.000000000000000  0.000000000000000  1.000000000000000
0.513979121895038  0.000004354318828  1.000000000000000  0.000000000000000  0.000000000000000
0.513979121895038  0.000004354318828  0.000000000000000  1.000000000000000  0.000000000000000
0.513979121895038  0.000004354318828  0.000000000000000  0.000000000000000  1.000000000000000
0.514604494612580  0.000004363657778  1.000000000000000  0.000000000000000  0.000000000000000
0.514604494612580  0.000004363657778  0.000000000000000  1.000000000000000  0.000000000000000
0.514604494612580  0.000004363657778  0.000000000000000  0.000000000000000  1.000000000000000
0.515229867330121  0.000004372984371  1.000000000000000  0.000000000000000  0.000000000000000
0.515229867330121  0.000004372984371  0.000000000000000  1.000000000000000  0.000000000000000
0.515229867330121  0.000004372984371  0.000000000000000  0.000000000000000  1.000000000000000
0.515855240047662  0.000004382298666  1.000000000000000  0.000000000000000  0.000000000000000
0.515855240047662  0.000004382298666  0.000000000000000  1.000000000000000  0.000000000000000
0.515855240047662  0.000004382298666  0.000000000000000  0.000000000000000  1.000000000000000
0.516480612765204  0.000004391600718  1.000000000000000  0.000000000000000  0.000000000000000
0.516480612765204  0.000004391600718  0.000000000000000  1.000000000000000  0.000000000000000
0.516480612765204  0.000004391600718  0.000000000000000  0.000000000000000  1.000000000000000
0.517105985482745  0.000004400890585  1.000000000000000  0.000000000000000  0.000000000000000
0.517105985482745  0.000004400890585  0.000000000000000  1.000000000000000  0.000000000000000
0.517105985482745  0.000004400890585  0.000000000000000  0.000000000000000  1.000000000000000
0.517731358200286  0.000004410168322  1.000000000000000  0.000000000000000  0.000000000000000
0.517731358200286  0.000004410168322  0.000000000000000  1.000000000000000  0.000000000000000
0.517731358200286  0.000004410168322  0.000000000000000  0.000000000000000  1.000000000000000
0.518356730917828  0.000004419433987  1.000000000000000  0.000000000000000  0.000000000000000
0.518356730917828  0.000004419433987  0.000000000000000  1.000000000000000  0.000000000000000
0.518356730917828  0.000004419433987  0.000000000000000  0.000000000000000  1.000000000000000
0.518982103635369  0.000004428687635  1.000000000000000  0.000000000000000  0.000000000000000
0.518982103635369  0.000004428687635  0.000000000000000  1.000000000000000  0.000000000000000
0.518982103635369  0.000004428687635  0.000000000000000  0.000000000000000  1.000000000000000
0.519607476352910  0.000004437929320  1.000000000000000  0.000000000000000  0.000000000000000
0.519607476352910  0.000004437929320  0.000000000000000  1.000000000000000  0.000000000000000
0.519607476352910  0.000004437929320  0.000000000000000  0.000000000000000  1.000000000000000
0.520232849070452  0.000004447159098  1.000000000000000  0.000000000000000  0.000000000000000
0.520232849070452  0.000004447159098  0.000000000000000  1.000000000000000  0.000000000000000
0.520232849070452  0.000004447159098  0.000000000000000  0.000000000000000  1.000000000000000
0.520858221787993  0.000004456377024  1.000000000000000  0.000000000000000  0.000000000000000
0.520858221787993  0.000004456377024  0.000000000000000  1.000000000000000  0.000000000000000
0.520858221787993  0.000004456377024  0.000000000000000  0.000000000000000  1.000000000000000
0.521483594505534  0.000004465583151  1.000000000000000  0.000000000000000  0.000000000000000
0.521483594505534  0.000004465583151  0.000000000000000  1.000000000000000  0.000000000000000
0.521483594505534  0.000004465583151  0.000000000000000  0.000000000000000  1.000000000000000
0.522108967223076  0.000004474777533  1.000000000000000  0.000000000000000  0.000000000000000
0.522108967223076  0.000004474777533  0.000000000000000  1.000000000000000  0.000000000000000
0.522108967223076  0.000004474777533  0.000000000000000  0.000000000000000  1.000000000000000
0.522734339940617  0.000004483960225  1.000000000000000  0.000000000000000  0.000000000000000
0.522734339940617  0.000004483960225  0.000000000000000  1.000000000000000  0.000000000000000
0.522734339940617  0.000004483960225  0.000000000000000  0.000000000000000  1.000000000000000
0.523359712658158  0.000004493131278  1.000000000000000  0.000000000000000  0.000000000000000
0.523359712658158  0.000004493131278  0.000000000000000  1.000000000000000  0.000000000000000
0.523359712658158  0.000004493131278  0.000000000000000  0.000000000000000  1.000000000000000
0.523985085375700  0.000004502290746  1.000000000000000  0.000000000000000  0.000000000000000
0.523985085375700  0.000004502290746  0.000000000000000  1.000000000000000  0.000000000000000
0.523985085375700  0.000004502290746  0.000000000000000  0.000000000000000  1.000000000000000
0.524610458093241  0.000004511438681  1.000000000000000  0.000000000000000  0.000000000000000
0.524610458093241  0.000004511438681  0.000000000000000  1.000000000000000  0.000000000000000
0.524610458093241  0.000004511438681  0.000000000000000  0.000000000000000  1.000000000000000
0.525235830810782  0.000004520575136  1.000000000000000  0.000000000000000  0.000000000000000
0.525235830810782  0.000004520575136  0.000000000000000  1.000000000000000  0.000000000000000
0.525235830810782  0.000004520575136  0.000000000000000  0.000000000000000  1.000000000000000
0.525861203528324  0.000004529700162  1.000000000000000  0.000000000000000  0.000000000000000
0.525861203528324  0.000004529700162  0.000000000000000  1.000000000000000  0.000000000000000
0.525861203528324  0.000004529700162  0.000000000000000  0.000000000000000  1.000000000000000
0.526486576245865  0.000004538813810  1.000000000000000  0.000000000000000  0.000000000000000
0.526486576245865  0.000004538813810  0.000000000000000  1.000000000000000  0.000000000000000
0.526486576245865  0.000004538813810  0.000000000000000  0.000000000000000  1.000000000000000
0.527111948963406  0.000004547916132  1.000000000000000  0.000000000000000  0.000000000000000
0.527111948963406  0.000004547916132  0.000000000000000  1.000000000000000  0.000000000000000
0.527111948963406  0.000004547916132  0.000000000000000  0.000000000000000  1.000000000000000
0.527737321680948  0.000004557007179  1.000000000000000  0.000000000000000  0.000000000000000
0.527737321680948  0.000004557007179  0.000000000000000  1.000000000000000  0.000000000000000
0.527737321680948  0.000004557007179  0.000000000000000  0.000000000000000  1.000000000000000
0.528362694398489  0.000004566087000  1.000000000000000  0.000000000000000  0.000000000000000
0.528362694398489  0.000004566087000  0.000000000000000  1.000000000000000  0.000000000000000
0.528362694398489  0.000004566087000  0.000000000000000  0.000000000000000  1.000000000000000
0.528988067116030  0.000004575155647  1.000000000000000  0.000000000000000  0.000000000000000
0.528988067116030  0.000004575155647  0.000000000000000  1.000000000000000  0.000000000000000
0.528988067116030  0.000004575155647  0.000000000000000  0.000000000000000  1.000000000000000
0.529613439833572  0.000004584213168  1.000000000000000  0.000000000000000  0.000000000000000
0.529613439833572  0.000004584213168  0.000000000000000  1.000000000000000  0.000000000000000
0.529613439833572  0.000004584213168  0.000000000000000  0.000000000000000  1.000000000000000
0.530238812551113  0.000004593259614  1.000000000000000  0.000000000000000  0.000000000000000
0.530238812551113  0.000004593259614  0.000000000000000  1.000000000000000  0.000000000000000
0.530238812551113  0.000004593259614  0.000000000000000  0.000000000000000  1.000000000000000
0.530864185268654  0.000004602295034  1.000000000000000  0.000000000000000  0.000000000000000
0.530864185268654  0.000004602295034  0.000000000000000  1.000000000000000  0.000000000000000
0.530864185268654  0.000004602295034  0.000000000000000  0.000000000000000  1.000000000000000
0.531489557986195  0.000004611319476  1.000000000000000  0.000000000000000  0.000000000000000
0.531489557986195  0.000004611319476  0.000000000000000  1.000000000000000  0.000000000000000
0.531489557986195  0.000004611319476  0.000000000000000  0.000000000000000  1.000000000000000
0.532114930703737  0.000004620332989  1.000000000000000  0.000000000000000  0.000000000000000
0.532114930703737  0.000004620332989  0.000000000000000  1.000000000000000  0.000000000000000
0.532114930703737  0.000004620332989  0.000000000000000  0.000000000000000  1.000000000000000
0.532740303421278  0.000004629335621  1.000000000000000  0.000000000000000  0.000000000000000
0.532740303421278  0.000004629335621  0.000000000000000  1.000000000000000  0.000000000000000
0.532740303421278  0.000004629335621  0.000000000000000  0.000000000000000  1.000000000000000
0.533365676138819  0.000004638327421  1.000000000000000  0.000000000000000  0.000000000000000
0.533365676138819  0.000004638327421  0.000000000000000  1.000000000000000  0.000000000000000
0.533365676138819  0.000004638327421  0.000000000000000  0.000000000000000  1.000000000000000
0.533991048856361  0.000004647308436  1.000000000000000  0.000000000000000  0.000000000000000
0.533991048856361  0.000004647308436  0.000000000000000  1.000000000000000  0.000000000000000
0.533991048856361  0.000004647308436  0.000000000000000  0.000000000000000  1.000000000000000
0.534616421573902  0.000004656278713  1.000000000000000  0.000000000000000  0.000000000000000
0.534616421573902  0.000004656278713  0.000000000000000  1.000000000000000  0.000000000000000
0.534616421573902  0.000004656278713  0.000000000000000  0.000000000000000  1.000000000000000
0.535241794291443  0.000004665238299  1.000000000000000  0.000000000000000  0.000000000000000
0.535241794291443  0.000004665238299  0.000000000000000  1.000000000000000  0.000000000000000
0.535241794291443  0.000004665238299  0.000000000000000  0.000000000000000  1.000000000000000
0.535867167008985  0.000004674187241  1.000000000000000  0.000000000000000  0.000000000000000
0.535867167008985  0.000004674187241  0.000000000000000  1.000000000000000  0.000000000000000
0.535867167008985  0.000004674187241  0.000000000000000  0.000000000000000  1.000000000000000
0.536492539726526  0.000004683125586  1.000000000000000  0.000000000000000  0.000000000000000
0.536492539726526  0.000004683125586  0.000000000000000  1.000000000000000  0.000000000000000
0.536492539726526  0.000004683125586  0.000000000000000  0.000000000000000  1.000000000000000
0.537117912444067  0.000004692053380  1.000000000000000  0.000000000000000  0.000000000000000
0.537117912444067  0.000004692053380  0.000000000000000  1.000000000000000  0.000000000000000
0.537117912444067  0.000004692053380  0.000000000000000  0.000000000000000  1.000000000000000
0.537743285161609  0.000004700970669  1.000000000000000  0.000000000000000  0.000000000000000
0.537743285161609  0.000004700970669  0.000000000000000  1.000000000000000  0.000000000000000
0.537743285161609  0.000004700970669  0.000000000000000  0.000000000000000  1.000000000000000
0.538368657879150  0.000004709877498  1.000000000000000  0.000000000000000  0.000000000000000
0.538368657879150  0.000004709877498  0.000000000000000  1.000000000000000  0.000000000000000
0.538368657879150  0.000004709877498  0.000000000000000  0.000000000000000  1.000000000000000
0.538994030596691  0.000004718773913  1.000000000000000  0.000000000000000  0.000000000000000
0.538994030596691  0.000004718773913  0.000000000000000  1.000000000000000  0.000000000000000
0.538994030596691  0.000004718773913  0.000000000000000  0.000000000000000  1.000000000000000
0.539619403314233  0.000004727659959  1.000000000000000  0.000000000000000  0.000000000000000
0.539619403314233  0.000004727659959  0.000000000000000  1.000000000000000  0.000000000000000
0.539619403314233  0.000004727659959  0.000000000000000  0.000000000000000  1.000000000000000
0.540244776031774  0.000004736535680  1.000000000000000  0.000000000000000  0.000000000000000
0.540244776031774  0.000004736535680  0.000000000000000  1.000000000000000  0.000000000000000
0.540244776031774  0.000004736535680  0.000000000000000  0.000000000000000  1.000000000000000
0.540870148749315  0.000004745401121  1.000000000000000  0.000000000000000  0.000000000000000
0.540870148749315  0.000004745401121  0.000000000000000  1.000000000000000  0.000000000000000
0.540870148749315  0.000004745401121  0.000000000000000  0.000000000000000  1.000000000000000
0.541495521466857  0.000004754256326  1.000000000000000  0.000000000000000  0.000000000000000
0.541495521466857  0.000004754256326  0.000000000000000  1.000000000000000  0.000000000000000
0.541495521466857  0.000004754256326  0.000000000000000  0.000000000000000  1.000000000000000
0.542120894184398  0.000004763101340  1.000000000000000  0.000000000000000  0.000000000000000
0.542120894184398  0.000004763101340  0.000000000000000  1.000000000000000  0.000000000000000
0.542120894184398  0.000004763101340  0.000000000000000  0.000000000000000  1.000000000000000
0.542746266901939  0.000004771936206  1.000000000000000  0.000000000000000  0.000000000000000
0.542746266901939  0.000004771936206  0.000000000000000  1.000000000000000  0.000000000000000
0.542746266901939  0.000004771936206  0.000000000000000  0.000000000000000  1.000000000000000
0.543371639619481  0.000004780760967  1.000000000000000  0.000000000000000  0.000000000000000
0.543371639619481  0.000004780760967  0.000000000000000  1.000000000000000  0.000000000000000
0.543371639619481  0.000004780760967  0.000000000000000  0.000000000000000  1.000000000000000
0.543997012337022  0.000004789575666  1.000000000000000  0.000000000000000  0.000000000000000
0.543997012337022  0.000004789575666  0.000000000000000  1.000000000000000  0.000000000000000
0.543997012337022  0.000004789575666  0.000000000000000  0.000000000000000  1.000000000000000
0.544622385054563  0.000004798380348  1.000000000000000  0.000000000000000  0.000000000000000
0.544622385054563  0.000004798380348  0.000000000000000  1.000000000000000  0.000000000000000
0.544622385054563  0.000004798380348  0.000000000000000  0.000000000000000  1.000000000000000
0.545247757772105  0.000004807175053  1.000000000000000  0.000000000000000  0.000000000000000
0.545247757772105  0.000004807175053  0.000000000000000  1.000000000000000  0.000000000000000
0.545247757772105  0.000004807175053  0.000000000000000  0.000000000000000  1.000000000000000
0.545873130489646  0.000004815959825  1.000000000000000  0.000000000000000  0.000000000000000
0.545873130489646  0.000004815959825  0.000000000000000  1.000000000000000  0.000000000000000
0.545873130489646  0.000004815959825  0.000000000000000  0.000000000000000  1.000000000000000
0.546498503207187  0.000004824734705  1.000000000000000  0.000000000000000  0.000000000000000
0.546498503207187  0.000004824734705  0.000000000000000  1.000000000000000  0.000000000000000
0.546498503207187  0.000004824734705  0.000000000000000  0.000000000000000  1.000000000000000
0.547123875924729  0.000004833499736  1.000000000000000  0.000000000000000  0.000000000000000
0.547123875924729  0.000004833499736  0.000000000000000  1.000000000000000  0.000000000000000
0.547123875924729  0.000004833499736  0.000000000000000  0.000000000000000  1.000000000000000
0.547749248642270  0.000004842254959  1.000000000000000  0.000000000000000  0.000000000000000
0.547749248642270  0.000004842254959  0.000000000000000  1.000000000000000  0.000000000000000
0.547749248642270  0.000004842254959  0.000000000000000  0.000000000000000  1.000000000000000
0.548374621359811  0.000004851000416  1.000000000000000  0.000000000000000  0.000000000000000
0.548374621359811  0.000004851000416  0.000000000000000  1.000000000000000  0.000000000000000
0.548374621359811  0.000004851000416  0.000000000000000  0.000000000000000  1.000000000000000
0.548999994077353  0.000004859736148  1.000000000000000  0.000000000000000  0.000000000000000
0.548999994077353  0.000004859736148  0.000000000000000  1.000000000000000  0.000000000000000
0.548999994077353  0.000004859736148  0.000000000000000  0.000000000000000  1.000000000000000
0.549625366794894  0.000004868462195  1.000000000000000  0.000000000000000  0.000000000000000
0.549625366794894  0.000004868462195  0.000000000000000  1.000000000000000  0.000000000000000
0.549625366794894  0.000004868462195  0.000000000000000  0.000000000000000  1.000000000000000
0.550250739512435  0.000004877178598  1.000000000000000  0.000000000000000  0.000000000000000
0.550250739512435  0.000004877178598  0.000000000000000  1.000000000000000  0.000000000000000
0.550250739512435  0.000004877178598  0.000000000000000  0.000000000000000  1.000000000000000
0.550876112229977  0.000004885885398  1.000000000000000  0.000000000000000  0.000000000000000
0.550876112229977  0.000004885885398  0.000000000000000  1.000000000000000  0.000000000000000
0.550876112229977  0.000004885885398  0.000000000000000  0.000000000000000  1.000000000000000
0.551501484947518  0.000004894582635  1.000000000000000  0.000000000000000  0.000000000000000
0.551501484947518  0.000004894582635  0.000000000000000  1.000000000000000  0.000000000000000
0.551501484947518  0.000004894582635  0.000000000000000  0.000000000000000  1.000000000000000
0.552126857665059  0.000004903270349  1.000000000000000  0.000000000000000  0.000000000000000
0.552126857665059  0.000004903270349  0.000000000000000  1.000000000000000  0.000000000000000
0.552126857665059  0.000004903270349  0.000000000000000  0.000000000000000  1.000000000000000
0.552752230382601  0.000004911948579  1.000000000000000  0.000000000000000  0.000000000000000
0.552752230382601  0.000004911948579  0.000000000000000  1.000000000000000  0.000000000000000
0.552752230382601  0.000004911948579  0.000000000000000  0.000000000000000  1.000000000000000
0.553377603100142  0.000004920617365  1.000000000000000  0.000000000000000  0.000000000000000
0.553377603100142  0.000004920617365  0.000000000000000  1.000000000000000  0.000000000000000
0.553377603100142  0.000004920617365  0.000000000000000  0.000000000000000  1.000000000000000
0.554002975817683  0.000004929276746  1.000000000000000  0.000000000000000  0.000000000000000
0.554002975817683  0.000004929276746  0.000000000000000  1.000000000000000  0.000000000000000
0.554002975817683  0.000004929276746  0.000000000000000  0.000000000000000  1.000000000000000
0.554628348535224  0.000004937926761  1.000000000000000  0.000000000000000  0.000000000000000
0.554628348535224  0.000004937926761  0.000000000000000  1.000000000000000  0.000000000000000
0.554628348535224  0.000004937926761  0.000000000000000  0.000000000000000  1.000000000000000
0.555253721252766  0.000004946567450  1.000000000000000  0.000000000000000  0.000000000000000
0.555253721252766  0.000004946567450  0.000000000000000  1.000000000000000  0.000000000000000
0.555253721252766  0.000004946567450  0.000000000000000  0.000000000000000  1.000000000000000
0.555879093970307  0.000004955198849  1.000000000000000  0.000000000000000  0.000000000000000
0.555879093970307  0.000004955198849  0.000000000000000  1.000000000000000  0.000000000000000
0.555879093970307  0.000004955198849  0.000000000000000  0.000000000000000  1.000000000000000
0.556504466687848  0.000004963820999  1.000000000000000  0.000000000000000  0.000000000000000
0.556504466687848  0.000004963820999  0.000000000000000  1.000000000000000  0.000000000000000
0.556504466687848  0.000004963820999  0.000000000000000  0.000000000000000  1.000000000000000
0.557129839405390  0.000004972433937  1.000000000000000  0.000000000000000  0.000000000000000
0.557129839405390  0.000004972433937  0.000000000000000  1.000000000000000  0.000000000000000
0.557129839405390  0.000004972433937  0.000000000000000  0.000000000000000  1.000000000000000
0.557755212122931  0.000004981037700  1.000000000000000  0.000000000000000  0.000000000000000
0.557755212122931  0.000004981037700  0.000000000000000  1.000000000000000  0.000000000000000
0.557755212122931  0.000004981037700  0.000000000000000  0.000000000000000  1.000000000000000
0.558380584840472  0.000004989632327  1.000000000000000  0.000000000000000  0.000000000000000
0.558380584840472  0.000004989632327  0.000000000000000  1.000000000000000  0.000000000000000
0.558380584840472  0.000004989632327  0.000000000000000  0.000000000000000  1.000000000000000
0.559005957558014  0.000004998217855  1.000000000000000  0.000000000000000  0.000000000000000
0.559005957558014  0.000004998217855  0.000000000000000  1.000000000000000  0.000000000000000
0.559005957558014  0.000004998217855  0.000000000000000  0.000000000000000  1.000000000000000
0.559631330275555  0.000005006794321  1.000000000000000  0.000000000000000  0.000000000000000
0.559631330275555  0.000005006794321  0.000000000000000  1.000000000000000  0.000000000000000
0.559631330275555  0.000005006794321  0.000000000000000  0.000000000000000  1.000000000000000
0.560256702993096  0.000005015361762  1.000000000000000  0.000000000000000  0.000000000000000
0.560256702993096  0.000005015361762  0.000000000000000  1.000000000000000  0.000000000000000
0.560256702993096  0.000005015361762  0.000000000000000  0.000000000000000  1.000000000000000
0.560882075710638  0.000005023920215  1.000000000000000  0.000000000000000  0.000000000000000
0.560882075710638  0.000005023920215  0.000000000000000  1.000000000000000  0.000000000000000
0.560882075710638  0.000005023920215  0.000000000000000  0.000000000000000  1.000000000000000
0.561507448428179  0.000005032469717  1.000000000000000  0.000000000000000  0.000000000000000
0.561507448428179  0.000005032469717  0.000000000000000  1.000000000000000  0.000000000000000
0.561507448428179  0.000005032469717  0.000000000000000  0.000000000000000  1.000000000000000
0.562132821145720  0.000005041010304  1.000000000000000  0.000000000000000  0.000000000000000
0.562132821145720  0.000005041010304  0.000000000000000  1.000000000000000  0.000000000000000
0.562132821145720  0.000005041010304  0.000000000000000  0.000000000000000  1.000000000000000
0.562758193863262  0.000005049542012  1.000000000000000  0.000000000000000  0.000000000000000
0.562758193863262  0.000005049542012  0.000000000000000  1.000000000000000  0.000000000000000
0.562758193863262  0.000005049542012  0.000000000000000  0.000000000000000  1.000000000000000
0.563383566580803  0.000005058064877  1.000000000000000  0.000000000000000  0.000000000000000
0.563383566580803  0.000005058064877  0.000000000000000  1.000000000000000  0.000000000000000
0.563383566580803  0.000005058064877  0.000000000000000  0.000000000000000  1.000000000000000
0.564008939298344  0.000005066578935  1.000000000000000  0.000000000000000  0.000000000000000
0.564008939298344  0.000005066578935  0.000000000000000  1.000000000000000  0.000000000000000
0.564008939298344  0.000005066578935  0.000000000000000  0.000000000000000  1.000000000000000
0.564634312015886  0.000005075084222  1.000000000000000  0.000000000000000  0.000000000000000
0.564634312015886  0.000005075084222  0.000000000000000  1.000000000000000  0.000000000000000
0.564634312015886  0.000005075084222  0.000000000000000  0.000000000000000  1.000000000000000
0.565259684733427  0.000005083580772  1.000000000000000  0.000000000000000  0.000000000000000
0.565259684733427  0.000005083580772  0.000000000000000  1.000000000000000  0.000000000000000
0.565259684733427  0.000005083580772  0.000000000000000  0.000000000000000  1.000000000000000
0.565885057450968  0.000005092068622  1.000000000000000  0.000000000000000  0.000000000000000
0.565885057450968  0.000005092068622  0.000000000000000  1.000000000000000  0.000000000000000
0.565885057450968  0.000005092068622  0.000000000000000  0.000000000000000  1.000000000000000
0.566510430168510  0.000005100547806  1.000000000000000  0.000000000000000  0.000000000000000
0.566510430168510  0.000005100547806  0.000000000000000  1.000000000000000  0.000000000000000
0.566510430168510  0.000005100547806  0.000000000000000  0.000000000000000  1.000000000000000
0.567135802886051  0.000005109018358  1.000000000000000  0.000000000000000  0.000000000000000
0.567135802886051  0.000005109018358  0.000000000000000  1.000000000000000  0.000000000000000
0.567135802886051  0.000005109018358  0.000000000000000  0.000000000000000  1.000000000000000
0.567761175603592  0.000005117480314  1.000000000000000  0.000000000000000  0.000000000000000
0.567761175603592  0.000005117480314  0.000000000000000  1.000000000000000  0.000000000000000
0.567761175603592  0.000005117480314  0.000000000000000  0.000000000000000  1.000000000000000
0.568386548321134  0.000005125933708  1.000000000000000  0.000000000000000  0.000000000000000
0.568386548321134  0.000005125933708  0.000000000000000  1.000000000000000  0.000000000000000
0.568386548321134  0.000005125933708  0.000000000000000  0.000000000000000  1.000000000000000
0.569011921038675  0.000005134378574  1.000000000000000  0.000000000000000  0.000000000000000
0.569011921038675  0.000005134378574  0.000000000000000  1.000000000000000  0.000000000000000
0.569011921038675  0.000005134378574  0.000000000000000  0.000000000000000  1.000000000000000
0.569637293756216  0.000005142814946  1.000000000000000  0.000000000000000  0.000000000000000
0.569637293756216  0.000005142814946  0.000000000000000  1.000000000000000  0.000000000000000
0.569637293756216  0.000005142814946  0.000000000000000  0.000000000000000  1.000000000000000
0.570262666473758  0.000005151242858  1.000000000000000  0.000000000000000  0.000000000000000
0.570262666473758  0.000005151242858  0.000000000000000  1.000000000000000  0.000000000000000
0.570262666473758  0.000005151242858  0.000000000000000  0.000000000000000  1.000000000000000
0.570888039191299  0.000005159662344  1.000000000000000  0.000000000000000  0.000000000000000
0.570888039191299  0.000005159662344  0.000000000000000  1.000000000000000  0.000000000000000
0.570888039191299  0.000005159662344  0.000000000000000  0.000000000000000  1.000000000000000
0.571513411908840  0.000005168073436  1.000000000000000  0.000000000000000  0.000000000000000
0.571513411908840  0.000005168073436  0.000000000000000  1.000000000000000  0.000000000000000
0.571513411908840  0.000005168073436  0.000000000000000  0.000000000000000  1.000000000000000
0.572138784626382  0.000005176476169  1.000000000000000  0.000000000000000  0.000000000000000
0.572138784626382  0.000005176476169  0.000000000000000  1.000000000000000  0.000000000000000
0.572138784626382  0.000005176476169  0.000000000000000  0.000000000000000  1.000000000000000
0.572764157343923  0.000005184870575  1.000000000000000  0.000000000000000  0.000000000000000
0.572764157343923  0.000005184870575  0.000000000000000  1.000000000000000  0.000000000000000
0.572764157343923  0.000005184870575  0.000000000000000  0.000000000000000  1.000000000000000
0.573389530061464  0.000005193256687  1.000000000000000  0.000000000000000  0.000000000000000
0.573389530061464  0.000005193256687  0.000000000000000  1.000000000000000  0.000000000000000
0.573389530061464  0.000005193256687  0.000000000000000  0.000000000000000  1.000000000000000
0.574014902779006  0.000005201634539  1.000000000000000  0.000000000000000  0.000000000000000
0.574014902779006  0.000005201634539  0.000000000000000  1.000000000000000  0.000000000000000
0.574014902779006  0.000005201634539  0.000000000000000  0.000000000000000  1.000000000000000
0.574640275496547  0.000005210004162  1.000000000000000  0.000000000000000  0.000000000000000
0.574640275496547  0.000005210004162  0.000000000000000  1.000000000000000  0.000000000000000
0.574640275496547  0.000005210004162  0.000000000000000  0.000000000000000  1.000000000000000
0.575265648214088  0.000005218365589  1.000000000000000  0.000000000000000  0.000000000000000
0.575265648214088  0.000005218365589  0.000000000000000  1.000000000000000  0.000000000000000
0.575265648214088  0.000005218365589  0.000000000000000  0.000000000000000  1.000000000000000
0.575891020931630  0.000005226718852  1.000000000000000  0.000000000000000  0.000000000000000
0.575891020931630  0.000005226718852  0.000000000000000  1.000000000000000  0.000000000000000
0.575891020931630  0.000005226718852  0.000000000000000  0.000000000000000  1.000000000000000
0.576516393649171  0.000005235063983  1.000000000000000  0.000000000000000  0.000000000000000
0.576516393649171  0.000005235063983  0.000000000000000  1.000000000000000  0.000000000000000
0.576516393649171  0.000005235063983  0.000000000000000  0.000000000000000  1.000000000000000
0.577141766366712  0.000005243401015  1.000000000000000  0.000000000000000  0.000000000000000
0.577141766366712  0.000005243401015  0.000000000000000  1.000000000000000  0.000000000000000
0.577141766366712  0.000005243401015  0.000000000000000  0.000000000000000  1.000000000000000
0.577767139084254  0.000005251729978  1.000000000000000  0.000000000000000  0.000000000000000
0.577767139084254  0.000005251729978  0.000000000000000  1.000000000000000  0.000000000000000
0.577767139084254  0.000005251729978  0.000000000000000  0.000000000000000  1.000000000000000
0.578392511801795  0.000005260050904  1.000000000000000  0.000000000000000  0.000000000000000
0.578392511801795  0.000005260050904  0.000000000000000  1.000000000000000  0.000000000000000
0.578392511801795  0.000005260050904  0.000000000000000  0.000000000000000  1.000000000000000
0.579017884519336  0.000005268363825  1.000000000000000  0.000000000000000  0.000000000000000
0.579017884519336  0.000005268363825  0.000000000000000  1.000000000000000  0.000000000000000
0.579017884519336  0.000005268363825  0.000000000000000  0.000000000000000  1.000000000000000
0.579643257236877  0.000005276668772  1.000000000000000  0.000000000000000  0.000000000000000
0.579643257236877  0.000005276668772  0.000000000000000  1.000000000000000  0.000000000000000
0.579643257236877  0.000005276668772  0.000000000000000  0.000000000000000  1.000000000000000
0.580268629954419  0.000005284965776  1.000000000000000  0.000000000000000  0.000000000000000
0.580268629954419  0.000005284965776  0.000000000000000  1.000000000000000  0.000000000000000
0.580268629954419  0.000005284965776  0.000000000000000  0.000000000000000  1.000000000000000
0.580894002671960  0.000005293254867  1.000000000000000  0.000000000000000  0.000000000000000
0.580894002671960  0.000005293254867  0.000000000000000  1.000000000000000  0.000000000000000
0.580894002671960  0.000005293254867  0.000000000000000  0.000000000000000  1.000000000000000
0.581519375389502  0.000005301536077  1.000000000000000  0.000000000000000  0.000000000000000
0.581519375389502  0.000005301536077  0.000000000000000  1.000000000000000  0.000000000000000
0.581519375389502  0.000005301536077  0.000000000000000  0.000000000000000  1.000000000000000
0.582144748107043  0.000005309809436  1.000000000000000  0.000000000000000  0.000000000000000
0.582144748107043  0.000005309809436  0.000000000000000  1.000000000000000  0.000000000000000
0.582144748107043  0.000005309809436  0.000000000000000  0.000000000000000  1.000000000000000
0.582770120824584  0.000005318074974  1.000000000000000  0.000000000000000  0.000000000000000
0.582770120824584  0.000005318074974  0.000000000000000  1.000000000000000  0.000000000000000
0.582770120824584  0.000005318074974  0.000000000000000  0.000000000000000  1.000000000000000
0.583395493542126  0.000005326332721  1.000000000000000  0.000000000000000  0.000000000000000
0.583395493542126  0.000005326332721  0.000000000000000  1.000000000000000  0.000000000000000
0.583395493542126  0.000005326332721  0.000000000000000  0.000000000000000  1.000000000000000
0.584020866259667  0.000005334582708  1.000000000000000  0.000000000000000  0.000000000000000
0.584020866259667  0.000005334582708  0.000000000000000  1.000000000000000  0.000000000000000
0.584020866259667  0.000005334582708  0.000000000000000  0.000000000000000  1.000000000000000
0.584646238977208  0.000005342824965  1.000000000000000  0.000000000000000  0.000000000000000
0.584646238977208  0.000005342824965  0.000000000000000  1.000000000000000  0.000000000000000
0.584646238977208  0.000005342824965  0.000000000000000  0.000000000000000  1.000000000000000
0.585271611694750  0.000005351059520  1.000000000000000  0.000000000000000  0.000000000000000
0.585271611694750  0.000005351059520  0.000000000000000  1.000000000000000  0.000000000000000
0.585271611694750  0.000005351059520  0.000000000000000  0.000000000000000  1.000000000000000
0.585896984412291  0.000005359286405  1.000000000000000  0.000000000000000  0.000000000000000
0.585896984412291  0.000005359286405  0.000000000000000  1.000000000000000  0.000000000000000
0.585896984412291  0.000005359286405  0.000000000000000  0.000000000000000  1.000000000000000
0.586522357129832  0.000005367505647  1.000000000000000  0.000000000000000  0.000000000000000
0.586522357129832  0.000005367505647  0.000000000000000  1.000000000000000  0.000000000000000
0.586522357129832  0.000005367505647  0.000000000000000  0.000000000000000  1.000000000000000
0.587147729847373  0.000005375717277  1.000000000000000  0.000000000000000  0.000000000000000
0.587147729847373  0.000005375717277  0.000000000000000  1.000000000000000  0.000000000000000
0.587147729847373  0.000005375717277  0.000000000000000  0.000000000000000  1.000000000000000
0.587773102564915  0.000005383921324  1.000000000000000  0.000000000000000  0.000000000000000
0.587773102564915  0.000005383921324  0.000000000000000  1.000000000000000  0.000000000000000
0.587773102564915  0.000005383921324  0.000000000000000  0.000000000000000  1.000000000000000
0.588398475282456  0.000005392117816  1.000000000000000  0.000000000000000  0.000000000000000
0.588398475282456  0.000005392117816  0.000000000000000  1.000000000000000  0.000000000000000
0.588398475282456  0.000005392117816  0.000000000000000  0.000000000000000  1.000000000000000
0.589023847999997  0.000005400306782  1.000000000000000  0.000000000000000  0.000000000000000
0.589023847999997  0.000005400306782  0.000000000000000  1.000000000000000  0.000000000000000
0.589023847999997  0.000005400306782  0.000000000000000  0.000000000000000  1.000000000000000
0.589649220717539  0.000005408488252  1.000000000000000  0.000000000000000  0.000000000000000
0.589649220717539  0.000005408488252  0.000000000000000  1.000000000000000  0.000000000000000
0.589649220717539  0.000005408488252  0.000000000000000  0.000000000000000  1.000000000000000
0.590274593435080  0.000005416662253  1.000000000000000  0.000000000000000  0.000000000000000
0.590274593435080  0.000005416662253  0.000000000000000  1.000000000000000  0.000000000000000
0.590274593435080  0.000005416662253  0.000000000000000  0.000000000000000  1.000000000000000
0.590899966152621  0.000005424828814  1.000000000000000  0.000000000000000  0.000000000000000
0.590899966152621  0.000005424828814  0.000000000000000  1.000000000000000  0.000000000000000
0.590899966152621  0.000005424828814  0.000000000000000  0.000000000000000  1.000000000000000
0.591525338870163  0.000005432987964  1.000000000000000  0.000000000000000  0.000000000000000
0.591525338870163  0.000005432987964  0.000000000000000  1.000000000000000  0.000000000000000
0.591525338870163  0.000005432987964  0.000000000000000  0.000000000000000  1.000000000000000
0.592150711587704  0.000005441139729  1.000000000000000  0.000000000000000  0.000000000000000
0.592150711587704  0.000005441139729  0.000000000000000  1.000000000000000  0.000000000000000
0.592150711587704  0.000005441139729  0.000000000000000  0.000000000000000  1.000000000000000
0.592776084305245  0.000005449284139  1.000000000000000  0.000000000000000  0.000000000000000
0.592776084305245  0.000005449284139  0.000000000000000  1.000000000000000  0.000000000000000
0.592776084305245  0.000005449284139  0.000000000000000  0.000000000000000  1.000000000000000
0.593401457022787  0.000005457421221  1.000000000000000  0.000000000000000  0.000000000000000
0.593401457022787  0.000005457421221  0.000000000000000  1.000000000000000  0.000000000000000
0.593401457022787  0.000005457421221  0.000000000000000  0.000000000000000  1.000000000000000
0.594026829740328  0.000005465551003  1.000000000000000  0.000000000000000  0.000000000000000
0.594026829740328  0.000005465551003  0.000000000000000  1.000000000000000  0.000000000000000
0.594026829740328  0.000005465551003  0.000000000000000  0.000000000000000  1.000000000000000
0.594652202457870  0.000005473673512  1.000000000000000  0.000000000000000  0.000000000000000
0.594652202457870  0.000005473673512  0.000000000000000  1.000000000000000  0.000000000000000
0.594652202457870  0.000005473673512  0.000000000000000  0.000000000000000  1.000000000000000
0.595277575175411  0.000005481788776  1.000000000000000  0.000000000000000  0.000000000000000
0.595277575175411  0.000005481788776  0.000000000000000  1.000000000000000  0.000000000000000
0.595277575175411  0.000005481788776  0.000000000000000  0.000000000000000  1.000000000000000
0.595902947892952  0.000005489896822  1.000000000000000  0.000000000000000  0.000000000000000
0.595902947892952  0.000005489896822  0.000000000000000  1.000000000000000  0.000000000000000
0.595902947892952  0.000005489896822  0.000000000000000  0.000000000000000  1.000000000000000
0.596528320610493  0.000005497997676  1.000000000000000  0.000000000000000  0.000000000000000
0.596528320610493  0.000005497997676  0.000000000000000  1.000000000000000  0.000000000000000
0.596528320610493  0.000005497997676  0.000000000000000  0.000000000000000  1.000000000000000
0.597153693328035  0.000005506091367  1.000000000000000  0.000000000000000  0.000000000000000
0.597153693328035  0.000005506091367  0.000000000000000  1.000000000000000  0.000000000000000
0.597153693328035  0.000005506091367  0.000000000000000  0.000000000000000  1.000000000000000
0.597779066045576  0.000005514177921  1.000000000000000  0.000000000000000  0.000000000000000
0.597779066045576  0.000005514177921  0.000000000000000  1.000000000000000  0.000000000000000
0.597779066045576  0.000005514177921  0.000000000000000  0.000000000000000  1.000000000000000
0.598404438763117  0.000005522257365  1.000000000000000  0.000000000000000  0.000000000000000
0.598404438763117  0.000005522257365  0.000000000000000  1.000000000000000  0.000000000000000
0.598404438763117  0.000005522257365  0.000000000000000  0.000000000000000  1.000000000000000
0.599029811480659  0.000005530329724  1.000000000000000  0.000000000000000  0.000000000000000
0.599029811480659  0.000005530329724  0.000000000000000  1.000000000000000  0.000000000000000
0.599029811480659  0.000005530329724  0.000000000000000  0.000000000000000  1.000000000000000
0.599655184198200  0.000005538395027  1.000000000000000  0.000000000000000  0.000000000000000
0.599655184198200  0.000005538395027  0.000000000000000  1.000000000000000  0.000000000000000
0.599655184198200  0.000005538395027  0.000000000000000  0.000000000000000  1.000000000000000
0.600280556915741  0.000005546453298  1.000000000000000  0.000000000000000  0.000000000000000
0.600280556915741  0.000005546453298  0.000000000000000  1.000000000000000  0.000000000000000
0.600280556915741  0.000005546453298  0.000000000000000  0.000000000000000  1.000000000000000
0.600905929633283  0.000005554504565  1.000000000000000  0.000000000000000  0.000000000000000
0.600905929633283  0.000005554504565  0.000000000000000  1.000000000000000  0.000000000000000
0.600905929633283  0.000005554504565  0.000000000000000  0.000000000000000  1.000000000000000
0.601531302350824  0.000005562548853  1.000000000000000  0.000000000000000  0.000000000000000
0.601531302350824  0.000005562548853  0.000000000000000  1.000000000000000  0.000000000000000
0.601531302350824  0.000005562548853  0.000000000000000  0.000000000000000  1.000000000000000
0.602156675068365  0.000005570586188  1.000000000000000  0.000000000000000  0.000000000000000
0.602156675068365  0.000005570586188  0.000000000000000  1.000000000000000  0.000000000000000
0.602156675068365  0.000005570586188  0.000000000000000  0.000000000000000  1.000000000000000
0.602782047785907  0.000005578616596  1.000000000000000  0.000000000000000  0.000000000000000
0.602782047785907  0.000005578616596  0.000000000000000  1.000000000000000  0.000000000000000
0.602782047785907  0.000005578616596  0.000000000000000  0.000000000000000  1.000000000000000
0.603407420503448  0.000005586640103  1.000000000000000  0.000000000000000  0.000000000000000
0.603407420503448  0.000005586640103  0.000000000000000  1.000000000000000  0.000000000000000
0.603407420503448  0.000005586640103  0.000000000000000  0.000000000000000  1.000000000000000
0.604032793220989  0.000005594656734  1.000000000000000  0.000000000000000  0.000000000000000
0.604032793220989  0.000005594656734  0.000000000000000  1.000000000000000  0.000000000000000
0.604032793220989  0.000005594656734  0.000000000000000  0.000000000000000  1.000000000000000
0.604658165938531  0.000005602666515  1.000000000000000  0.000000000000000  0.000000000000000
0.604658165938531  0.000005602666515  0.000000000000000  1.000000000000000  0.000000000000000
0.604658165938531  0.000005602666515  0.000000000000000  0.000000000000000  1.000000000000000
0.605283538656072  0.000005610669471  1.000000000000000  0.000000000000000  0.000000000000000
0.605283538656072  0.000005610669471  0.000000000000000  1.000000000000000  0.000000000000000
0.605283538656072  0.000005610669471  0.000000000000000  0.000000000000000  1.000000000000000
0.605908911373613  0.000005618665628  1.000000000000000  0.000000000000000  0.000000000000000
0.605908911373613  0.000005618665628  0.000000000000000  1.000000000000000  0.000000000000000
0.605908911373613  0.000005618665628  0.000000000000000  0.000000000000000  1.000000000000000
0.606534284091155  0.000005626655009  1.000000000000000  0.000000000000000  0.000000000000000
0.606534284091155  0.000005626655009  0.000000000000000  1.000000000000000  0.000000000000000
0.606534284091155  0.000005626655009  0.000000000000000  0.000000000000000  1.000000000000000
0.607159656808696  0.000005634637641  1.000000000000000  0.000000000000000  0.000000000000000
0.607159656808696  0.000005634637641  0.000000000000000  1.000000000000000  0.000000000000000
0.607159656808696  0.000005634637641  0.000000000000000  0.000000000000000  1.000000000000000
0.607785029526237  0.000005642613548  1.000000000000000  0.000000000000000  0.000000000000000
0.607785029526237  0.000005642613548  0.000000000000000  1.000000000000000  0.000000000000000
0.607785029526237  0.000005642613548  0.000000000000000  0.000000000000000  1.000000000000000
0.608410402243779  0.000005650582755  1.000000000000000  0.000000000000000  0.000000000000000
0.608410402243779  0.000005650582755  0.000000000000000  1.000000000000000  0.000000000000000
0.608410402243779  0.000005650582755  0.000000000000000  0.000000000000000  1.000000000000000
0.609035774961320  0.000005658545287  1.000000000000000  0.000000000000000  0.000000000000000
0.609035774961320  0.000005658545287  0.000000000000000  1.000000000000000  0.000000000000000
0.609035774961320  0.000005658545287  0.000000000000000  0.000000000000000  1.000000000000000
0.609661147678861  0.000005666501167  1.000000000000000  0.000000000000000  0.000000000000000
0.609661147678861  0.000005666501167  0.000000000000000  1.000000000000000  0.000000000000000
0.609661147678861  0.000005666501167  0.000000000000000  0.000000000000000  1.000000000000000
0.610286520396403  0.000005674450421  1.000000000000000  0.000000000000000  0.000000000000000
0.610286520396403  0.000005674450421  0.000000000000000  1.000000000000000  0.000000000000000
0.610286520396403  0.000005674450421  0.000000000000000  0.000000000000000  1.000000000000000
0.610911893113944  0.000005682393072  1.000000000000000  0.000000000000000  0.000000000000000
0.610911893113944  0.000005682393072  0.000000000000000  1.000000000000000  0.000000000000000
0.610911893113944  0.000005682393072  0.000000000000000  0.000000000000000  1.000000000000000
0.611537265831485  0.000005690329145  1.000000000000000  0.000000000000000  0.000000000000000
0.611537265831485  0.000005690329145  0.000000000000000  1.000000000000000  0.000000000000000
0.611537265831485  0.000005690329145  0.000000000000000  0.000000000000000  1.000000000000000
0.612162638549027  0.000005698258664  1.000000000000000  0.000000000000000  0.000000000000000
0.612162638549027  0.000005698258664  0.000000000000000  1.000000000000000  0.000000000000000
0.612162638549027  0.000005698258664  0.000000000000000  0.000000000000000  1.000000000000000
0.612788011266568  0.000005706181652  1.000000000000000  0.000000000000000  0.000000000000000
0.612788011266568  0.000005706181652  0.000000000000000  1.000000000000000  0.000000000000000
0.612788011266568  0.000005706181652  0.000000000000000  0.000000000000000  1.000000000000000
0.613413383984109  0.000005714098134  1.000000000000000  0.000000000000000  0.000000000000000
0.613413383984109  0.000005714098134  0.000000000000000  1.000000000000000  0.000000000000000
0.613413383984109  0.000005714098134  0.000000000000000  0.000000000000000  1.000000000000000
0.614038756701651  0.000005722008133  1.000000000000000  0.000000000000000  0.000000000000000
0.614038756701651  0.000005722008133  0.000000000000000  1.000000000000000  0.000000000000000
0.614038756701651  0.000005722008133  0.000000000000000  0.000000000000000  1.000000000000000
0.614664129419192  0.000005729911673  1.000000000000000  0.000000000000000  0.000000000000000
0.614664129419192  0.000005729911673  0.000000000000000  1.000000000000000  0.000000000000000
0.614664129419192  0.000005729911673  0.000000000000000  0.000000000000000  1.000000000000000
0.615289502136733  0.000005737808776  1.000000000000000  0.000000000000000  0.000000000000000
0.615289502136733  0.000005737808776  0.000000000000000  1.000000000000000  0.000000000000000
0.615289502136733  0.000005737808776  0.000000000000000  0.000000000000000  1.000000000000000
0.615914874854274  0.000005745699468  1.000000000000000  0.000000000000000  0.000000000000000
0.615914874854274  0.000005745699468  0.000000000000000  1.000000000000000  0.000000000000000
0.615914874854274  0.000005745699468  0.000000000000000  0.000000000000000  1.000000000000000
0.616540247571816  0.000005753583770  1.000000000000000  0.000000000000000  0.000000000000000
0.616540247571816  0.000005753583770  0.000000000000000  1.000000000000000  0.000000000000000
0.616540247571816  0.000005753583770  0.000000000000000  0.000000000000000  1.000000000000000
0.617165620289357  0.000005761461706  1.000000000000000  0.000000000000000  0.000000000000000
0.617165620289357  0.000005761461706  0.000000000000000  1.000000000000000  0.000000000000000
0.617165620289357  0.000005761461706  0.000000000000000  0.000000000000000  1.000000000000000
0.617790993006899  0.000005769333299  1.000000000000000  0.000000000000000  0.000000000000000
0.617790993006899  0.000005769333299  0.000000000000000  1.000000000000000  0.000000000000000
0.617790993006899  0.000005769333299  0.000000000000000  0.000000000000000  1.000000000000000
0.618416365724440  0.000005777198572  1.000000000000000  0.000000000000000  0.000000000000000
0.618416365724440  0.000005777198572  0.000000000000000  1.000000000000000  0.000000000000000
0.618416365724440  0.000005777198572  0.000000000000000  0.000000000000000  1.000000000000000
0.619041738441981  0.000005785057548  1.000000000000000  0.000000000000000  0.000000000000000
0.619041738441981  0.000005785057548  0.000000000000000  1.000000000000000  0.000000000000000
0.619041738441981  0.000005785057548  0.000000000000000  0.000000000000000  1.000000000000000
0.619667111159523  0.000005792910249  1.000000000000000  0.000000000000000  0.000000000000000
0.619667111159523  0.000005792910249  0.000000000000000  1.000000000000000  0.000000000000000
0.619667111159523  0.000005792910249  0.000000000000000  0.000000000000000  1.000000000000000
0.620292483877064  0.000005800756699  1.000000000000000  0.000000000000000  0.000000000000000
0.620292483877064  0.000005800756699  0.000000000000000  1.000000000000000  0.000000000000000
0.620292483877064  0.000005800756699  0.000000000000000  0.000000000000000  1.000000000000000
0.620917856594605  0.000005808596919  1.000000000000000  0.000000000000000  0.000000000000000
0.620917856594605  0.000005808596919  0.000000000000000  1.000000000000000  0.000000000000000
0.620917856594605  0.000005808596919  0.000000000000000  0.000000000000000  1.000000000000000
0.621543229312146  0.000005816430932  1.000000000000000  0.000000000000000  0.000000000000000
0.621543229312146  0.000005816430932  0.000000000000000  1.000000000000000  0.000000000000000
0.621543229312146  0.000005816430932  0.000000000000000  0.000000000000000  1.000000000000000
0.622168602029688  0.000005824258760  1.000000000000000  0.000000000000000  0.000000000000000
0.622168602029688  0.000005824258760  0.000000000000000  1.000000000000000  0.000000000000000
0.622168602029688  0.000005824258760  0.000000000000000  0.000000000000000  1.000000000000000
0.622793974747229  0.000005832080426  1.000000000000000  0.000000000000000  0.000000000000000
0.622793974747229  0.000005832080426  0.000000000000000  1.000000000000000  0.000000000000000
0.622793974747229  0.000005832080426  0.000000000000000  0.000000000000000  1.000000000000000
0.623419347464770  0.000005839895952  1.000000000000000  0.000000000000000  0.000000000000000
0.623419347464770  0.000005839895952  0.000000000000000  1.000000000000000  0.000000000000000
0.623419347464770  0.000005839895952  0.000000000000000  0.000000000000000  1.000000000000000
0.624044720182312  0.000005847705359  1.000000000000000  0.000000000000000  0.000000000000000
0.624044720182312  0.000005847705359  0.000000000000000  1.000000000000000  0.000000000000000
0.624044720182312  0.000005847705359  0.000000000000000  0.000000000000000  1.000000000000000
0.624670092899853  0.000005855508670  1.000000000000000  0.000000000000000  0.000000000000000
0.624670092899853  0.000005855508670  0.000000000000000  1.000000000000000  0.000000000000000
0.624670092899853  0.000005855508670  0.000000000000000  0.000000000000000  1.000000000000000
0.625295465617394  0.000005863305907  1.000000000000000  0.000000000000000  0.000000000000000
0.625295465617394  0.000005863305907  0.000000000000000  1.000000000000000  0.000000000000000
0.625295465617394  0.000005863305907  0.000000000000000  0.000000000000000  1.000000000000000
0.625920838334936  0.000005871097090  1.000000000000000  0.000000000000000  0.000000000000000
0.625920838334936  0.000005871097090  0.000000000000000  1.000000000000000  0.000000000000000
0.625920838334936  0.000005871097090  0.000000000000000  0.000000000000000  1.000000000000000
0.626546211052477  0.000005878882243  1.000000000000000  0.000000000000000  0.000000000000000
0.626546211052477  0.000005878882243  0.000000000000000  1.000000000000000  0.000000000000000
0.626546211052477  0.000005878882243  0.000000000000000  0.000000000000000  1.000000000000000
0.627171583770018  0.000005886661386  1.000000000000000  0.000000000000000  0.000000000000000
0.627171583770018  0.000005886661386  0.000000000000000  1.000000000000000  0.000000000000000
0.627171583770018  0.000005886661386  0.000000000000000  0.000000000000000  1.000000000000000
0.627796956487560  0.000005894434540  1.000000000000000  0.000000000000000  0.000000000000000
0.627796956487560  0.000005894434540  0.000000000000000  1.000000000000000  0.000000000000000
0.627796956487560  0.000005894434540  0.000000000000000  0.000000000000000  1.000000000000000
0.628422329205101  0.000005902201728  1.000000000000000  0.000000000000000  0.000000000000000
0.628422329205101  0.000005902201728  0.000000000000000  1.000000000000000  0.000000000000000
0.628422329205101  0.000005902201728  0.000000000000000  0.000000000000000  1.000000000000000
